TENURE,AGE,GENDER,NATIONALITY,STATE,STATUS_BEFORE,STATUS_AFTER,OFFER_TAKER,DATE_ID,DATA_PURC_BEFORE,DATA_PURC_AFTER,DATA_CHRG_BEFORE,DATA_CHRG_AFTER,DATA_USG_BEFORE,DATA_USG_AFTER,VOICE_USG_BEFORE,VOICE_USG_AFTER,RLD_IND_BEFORE,RLD_IND_AFTER,RLD_AMT_BEFORE,RLD_AMT_AFTER,CPA_RVN_BEFORE,CPA_RVN_AFTER,ARPU_BEFORE,ARPU_AFTER,ACTVIITY_DAYS_AFTER,ACTIVITY_STATUS_AFTER,ID,PLAN_ID,PLAN_TYPE,VAS_ID,VAS_TYPE,YEAR,MONTH,DAY,QUARTER
133,33,Male,Malaysia,KLANG VALLEY,Active,Active,Y,10/6/2022,Y,Y,4.00,4.00,3.467714,3.312197,0.0,0.0,Y,Y,30.00,30.00,?,?,26.000000,17.000000,2,DURING & AFTER CAMP,0,2,Premium,2,Roaming,2022,10,6,4
37,41,Male,Malaysia,SARAWAK,Active,Active,Y,10/6/2022,Y,N,15.00,?,1.844969,0.0,0.0,0.0,N,N,?,?,?,?,?,?,37,NO ACTIVITY SINCE SEP,1,2,Premium,2,Roaming,2022,10,6,4
171,79,Male,Malaysia,JOHORE,Active,Active,Y,10/6/2022,N,N,?,?,1e-06,2e-06,0.0,0.0,N,N,?,?,?,?,?,?,5,DURING & AFTER CAMP,4,2,Premium,2,Roaming,2022,10,6,4
38,41,Male,Malaysia,SARAWAK,Active,Active,Y,10/6/2022,Y,N,15.00,?,1.301793,7.142143,11.25,9.4666,Y,N,25.00,?,?,?,11.020000,4.200000,0,DURING & AFTER CAMP,8,2,Premium,1,Caller_tune,2022,10,6,4
37,63,Male,Malaysia,PERAK,Active,Active,Y,10/6/2022,Y,N,27.99,?,0.0,0.0,13.1667,5.55,Y,Y,28.00,5.00,?,?,27.990000,1.800000,1,DURING & AFTER CAMP,11,1,Saver,1,Caller_tune,2022,10,6,4
24,66,Female,Malaysia,N SEMBILAN,Active,Active,Y,10/5/2022,Y,N,15.00,?,1.73079,0.0,0.0,0.0,N,N,?,?,?,?,?,?,36,NO ACTIVITY SINCE SEP,14,2,Premium,1,Caller_tune,2022,10,5,4
21,35,Male,Malaysia,SABAH,Active,Active,Y,10/6/2022,Y,N,15.00,?,0.425302,0.0,0.0,0.0,N,N,?,?,?,?,?,?,33,NO ACTIVITY SINCE SEP,17,2,Premium,2,Roaming,2022,10,6,4
48,33,Male,Malaysia,SELANGOR,Active,Active,Y,10/5/2022,Y,N,15.00,?,6e-05,0.0,4.1,0.0,N,N,?,?,?,?,1.750000,?,37,NO ACTIVITY SINCE SEP,18,1,Saver,1,Caller_tune,2022,10,5,4
21,37,Male,Malaysia,SARAWAK,Active,Active,Y,10/5/2022,Y,N,15.00,?,0.0,0.0,0.3667,0.0,N,N,?,?,?,?,0.600000,?,1,DURING & AFTER CAMP,19,2,Premium,1,Caller_tune,2022,10,5,4
21,51,Female,Malaysia,SARAWAK,Active,Active,Y,10/5/2022,Y,N,15.00,?,0.001297,0.0,0.0,0.0,N,N,?,?,?,?,?,?,34,NO ACTIVITY SINCE SEP,20,1,Saver,2,Roaming,2022,10,5,4
42,22,Male,Malaysia,SARAWAK,Active,Active,Y,10/5/2022,N,N,?,?,1.9e-05,0.000208,0.0,0.0,Y,Y,1955.00,1025.00,1050.00,100.00,550.000000,100.000000,4,DURING & AFTER CAMP,21,2,Premium,1,Caller_tune,2022,10,5,4
37,26,Male,Malaysia,SARAWAK,Active,Active,Y,10/5/2022,N,N,?,?,0.0,0.0,0.0,0.0,Y,N,10.00,?,?,?,?,?,33,NO ACTIVITY SINCE SEP,22,2,Premium,2,Roaming,2022,10,5,4
81,24,Female,Malaysia,N SEMBILAN,Active,Active,Y,10/5/2022,Y,N,15.00,?,0.000993,0.0,0.0,0.0,N,N,?,?,?,?,?,?,37,NO ACTIVITY SINCE SEP,23,1,Saver,2,Roaming,2022,10,5,4
30,0,Male,Malaysia,KLANG VALLEY,Active,Active,Y,10/5/2022,Y,N,15.00,?,0.143895,0.0,4.9667,0.0,Y,N,10.00,?,?,?,2.640000,?,34,NO ACTIVITY SINCE SEP,24,1,Saver,1,Caller_tune,2022,10,5,4
45,69,Female,Malaysia,PENANG,Active,Active,Y,10/5/2022,Y,N,27.98,?,0.382207,0.121115,0.0,0.0,N,N,?,?,?,?,27.980000,?,12,DURING & AFTER CAMP,26,1,Saver,1,Caller_tune,2022,10,5,4
118,30,Female,Malaysia,SABAH,Active,Active,Y,10/6/2022,Y,N,15.00,?,0.016584,0.0,4.9667,0.0,Y,N,5.00,?,?,?,10.550000,?,33,NO ACTIVITY SINCE SEP,27,2,Premium,1,Caller_tune,2022,10,6,4
67,28,Male,Malaysia,KLANG VALLEY,Active,Active,Y,10/6/2022,Y,N,15.00,?,0.0,0.0,0.0,0.0,N,N,?,?,?,?,?,?,24,BEFORE CAMP THEN REMAIN,28,2,Premium,1,Caller_tune,2022,10,6,4
32,26,Male,Malaysia,KLANG VALLEY,Active,Active,Y,10/5/2022,Y,N,15.00,?,0.0,1.672209,0.0,2.5,N,N,?,?,?,?,?,1.800000,0,DURING & AFTER CAMP,32,1,Saver,2,Roaming,2022,10,5,4
53,26,Male,Malaysia,KLANG VALLEY,Active,Active,Y,10/6/2022,Y,N,15.00,?,4.978298,2.670709,0.0,0.0,N,N,?,?,1.14,?,?,?,5,DURING & AFTER CAMP,33,1,Saver,2,Roaming,2022,10,6,4
21,28,Male,Malaysia,SABAH,Active,Active,Y,10/5/2022,Y,N,15.00,?,17.034331,8.75269,2.4667,1.2833,N,N,?,?,?,?,0.650000,0.400000,0,BEFORE & AFTER CAMP,34,1,Saver,1,Caller_tune,2022,10,5,4
84,37,Male,Malaysia,KLANG VALLEY,Active,Active,Y,10/5/2022,Y,N,15.00,?,0.0,0.0,0.0,0.0,N,N,?,?,?,?,?,?,39,NO ACTIVITY SINCE SEP,35,1,Saver,1,Caller_tune,2022,10,5,4
206,32,Female,Malaysia,MALACCA,Active,Active,Y,10/5/2022,Y,N,15.00,?,2.930007,0.0,1.8833,0.0,Y,N,20.00,?,?,?,1.440000,?,6,DURING & AFTER CAMP,36,2,Premium,1,Caller_tune,2022,10,5,4
25,36,Female,Malaysia,PENANG,Active,Active,Y,10/6/2022,Y,N,15.00,?,0.0,0.0,0.1667,0.1,N,N,?,?,?,?,0.200000,0.200000,14,BEFORE & AFTER CAMP,37,1,Saver,1,Caller_tune,2022,10,6,4
112,42,Female,Malaysia,JOHORE,Active,Active,Y,10/6/2022,Y,N,15.00,?,0.152231,0.0,0.0,0.0,N,N,?,?,?,?,?,?,39,NO ACTIVITY SINCE SEP,38,1,Saver,2,Roaming,2022,10,6,4
112,29,Male,Malaysia,SARAWAK,Active,Active,Y,10/6/2022,Y,N,15.00,?,0.0,0.0,0.0,0.0,N,N,?,?,?,?,?,?,10,BEFORE & AFTER CAMP,39,1,Saver,2,Roaming,2022,10,6,4
201,56,Male,Malaysia,PERAK,Active,Active,Y,10/5/2022,N,N,?,?,0.0,0.0,0.4833,0.0,N,N,?,?,?,?,0.640000,?,15,DURING & AFTER CAMP,40,1,Saver,1,Caller_tune,2022,10,5,4
41,57,Female,Malaysia,PAHANG,Active,Active,Y,10/5/2022,Y,N,15.00,?,0.007449,0.007389,0.0,0.0,N,N,?,?,?,?,?,?,0,BEFORE & AFTER CAMP,42,2,Premium,2,Roaming,2022,10,5,4
18,53,Male,Malaysia,PERAK,Active,Active,Y,10/6/2022,Y,N,15.00,?,0.213881,1e-06,0.1333,0.0833,N,N,?,?,?,?,0.400000,0.500000,1,DURING & AFTER CAMP,43,2,Premium,1,Caller_tune,2022,10,6,4
152,33,Female,Malaysia,SARAWAK,Active,Active,Y,10/5/2022,Y,N,15.00,?,0.0,0.0,0.0,0.0,Y,N,10.00,?,?,?,?,?,35,NO ACTIVITY SINCE SEP,44,2,Premium,1,Caller_tune,2022,10,5,4
72,67,Male,Malaysia,PERAK,Active,Active,Y,10/6/2022,N,N,?,?,0.0,0.0,0.0,0.0,N,N,?,?,?,?,?,?,37,NO ACTIVITY SINCE SEP,45,2,Premium,2,Roaming,2022,10,6,4
35,64,Male,Malaysia,PAHANG,Active,Active,Y,10/6/2022,Y,N,15.00,?,1.1e-05,0.0,0.0,0.0,N,Y,?,15.00,?,?,?,?,3,DURING & AFTER CAMP,46,1,Saver,1,Caller_tune,2022,10,6,4
45,65,Male,Malaysia,KELANTAN,Active,Active,Y,10/6/2022,Y,N,14.99,?,5.625761,0.0,17.7167,0.0,Y,N,150.00,?,4.20,?,83.990000,?,39,NO ACTIVITY SINCE SEP,50,1,Saver,2,Roaming,2022,10,6,4
33,25,Female,Malaysia,KLANG VALLEY,Active,Active,Y,10/6/2022,Y,N,15.00,?,8e-05,4.568519,0.0,0.0,Y,N,10.00,?,?,15.90,?,15.900000,0,DURING & AFTER CAMP,51,2,Premium,1,Caller_tune,2022,10,6,4
29,27,Female,Malaysia,SARAWAK,Active,Active,Y,10/6/2022,Y,N,29.98,?,0.001399,0.0,0.0,0.0,Y,N,980.00,?,991.00,?,1029.980000,?,33,NO ACTIVITY SINCE SEP,54,1,Saver,2,Roaming,2022,10,6,4
181,54,Male,Malaysia,KLANG VALLEY,Active,Active,Y,10/6/2022,Y,N,15.00,?,0.0,0.0,0.8833,0.0,Y,N,10.00,?,?,?,0.850000,?,0,BEFORE & AFTER CAMP,57,1,Saver,1,Caller_tune,2022,10,6,4
29,22,Female,Malaysia,KELANTAN,Active,Active,Y,10/5/2022,Y,N,15.00,?,1.804914,0.0,0.0,0.0,N,N,?,?,?,?,?,?,33,NO ACTIVITY SINCE SEP,59,1,Saver,2,Roaming,2022,10,5,4
26,25,Male,Malaysia,KLANG VALLEY,Active,Active,Y,10/6/2022,Y,N,15.00,?,0.000198,0.0,0.0,0.0,N,N,?,?,?,?,?,?,1,DURING & AFTER CAMP,61,2,Premium,1,Caller_tune,2022,10,6,4
25,24,Male,Malaysia,KLANG VALLEY,Active,Active,Y,10/6/2022,Y,Y,45.00,1.00,35.610532,64.012952,16.4167,77.75,Y,N,50.00,?,3.90,0.70,?,1.700000,0,DURING & AFTER CAMP,62,2,Premium,1,Caller_tune,2022,10,6,4
21,22,Male,Malaysia,KELANTAN,Active,Active,Y,10/6/2022,N,N,?,?,0.0,0.0,0.0,0.0,Y,N,5.00,?,?,?,?,?,23,BEFORE CAMP THEN REMAIN,63,2,Premium,1,Caller_tune,2022,10,6,4
75,57,Female,Malaysia,JOHORE,Active,Active,Y,10/6/2022,Y,N,15.00,?,0.083205,2.4e-05,0.0,5.1167,N,N,?,?,?,?,?,2.400000,9,BEFORE & AFTER CAMP,64,2,Premium,2,Roaming,2022,10,6,4
20,70,Male,Malaysia,MALACCA,Active,Active,Y,10/5/2022,Y,N,15.00,?,2.9e-05,1.7e-05,0.0,0.0,N,N,?,?,?,?,?,?,0,DURING & AFTER CAMP,65,1,Saver,1,Caller_tune,2022,10,5,4
22,24,Male,Malaysia,JOHORE,Active,Active,Y,10/6/2022,Y,N,15.00,?,8.278478,0.0,16.85,0.0,Y,N,85.00,?,?,?,43.870000,?,37,NO ACTIVITY SINCE SEP,66,2,Premium,1,Caller_tune,2022,10,6,4
39,29,Male,Malaysia,SABAH,Active,Active,Y,10/6/2022,Y,N,15.00,?,0.000206,0.184808,0.0,0.0,N,N,?,?,?,?,?,?,12,BEFORE & AFTER CAMP,67,2,Premium,2,Roaming,2022,10,6,4
59,33,Male,Malaysia,KLANG VALLEY,Active,Active,Y,10/5/2022,Y,N,15.00,?,0.0,0.0,0.0,0.0,N,N,?,?,?,?,?,?,37,NO ACTIVITY SINCE SEP,69,1,Saver,1,Caller_tune,2022,10,5,4
33,28,Female,Malaysia,KLANG VALLEY,Active,Active,Y,10/6/2022,Y,N,27.98,?,1.464862,0.0,202.5,0.0,N,Y,?,5.00,?,?,39.980000,6.000000,9,DURING & AFTER CAMP,70,2,Premium,1,Caller_tune,2022,10,6,4
72,66,Male,Malaysia,KLANG VALLEY,Active,Active,Y,10/5/2022,N,N,?,?,0.0,0.0,1.1167,1.3666,N,N,?,?,?,?,68.390000,0.520000,7,DURING & AFTER CAMP,71,2,Premium,2,Roaming,2022,10,5,4
20,25,Male,Malaysia,SABAH,Active,Active,Y,10/6/2022,Y,N,15.00,?,0.000105,0.0,0.0,0.0,N,N,?,?,?,?,?,?,37,NO ACTIVITY SINCE SEP,72,1,Saver,2,Roaming,2022,10,6,4
69,36,Male,Malaysia,PERAK,Active,Active,Y,10/5/2022,Y,N,15.00,?,0.530066,0.0,0.05,0.0,N,N,?,?,?,?,0.300000,?,36,NO ACTIVITY SINCE SEP,73,1,Saver,1,Caller_tune,2022,10,5,4
47,22,Male,Malaysia,KELANTAN,Active,Active,Y,10/5/2022,Y,Y,15.00,4.00,2.540316,9.430508,0.0,0.0,Y,Y,5.00,20.00,?,?,?,10.100000,0,DURING & AFTER CAMP,74,2,Premium,2,Roaming,2022,10,5,4
30,70,Male,Malaysia,SABAH,Active,Active,Y,10/5/2022,Y,Y,15.00,4.00,0.01517,26.57045,0.0,0.0833,N,Y,?,5.00,?,?,?,4.930000,0,DURING & AFTER CAMP,75,2,Premium,1,Caller_tune,2022,10,5,4
23,70,Male,Malaysia,KELANTAN,Active,Active,Y,10/5/2022,Y,Y,15.00,10.00,9.160062,106.167797,3.7,1.6166,Y,Y,25.00,115.00,5.00,2.50,19.500000,127.570000,0,DURING & AFTER CAMP,76,2,Premium,1,Caller_tune,2022,10,5,4
19,26,Male,Malaysia,SABAH,Active,Active,Y,10/5/2022,Y,N,15.00,?,21.603641,0.0,0.0,0.0,Y,N,30.00,?,?,?,17.600000,?,39,NO ACTIVITY SINCE SEP,77,1,Saver,2,Roaming,2022,10,5,4
35,28,Male,Malaysia,SARAWAK,Active,Active,Y,10/6/2022,N,N,?,?,0.0,0.0,0.0,0.0,Y,N,30.00,?,?,?,6.000000,?,24,BEFORE CAMP THEN REMAIN,78,2,Premium,2,Roaming,2022,10,6,4
18,73,Male,Malaysia,SABAH,Active,Active,Y,10/5/2022,Y,N,15.00,?,4.7e-05,0.0,0.0,0.0,N,N,?,?,?,?,?,?,35,NO ACTIVITY SINCE SEP,79,2,Premium,1,Caller_tune,2022,10,5,4
15,0,Male,Malaysia,SARAWAK,Active,Active,Y,10/6/2022,N,N,?,?,0.0,0.0,0.0,0.0,Y,N,395.00,?,400.00,400.00,400.000000,400.000000,17,DURING & AFTER CAMP,80,2,Premium,2,Roaming,2022,10,6,4
36,80,Male,Malaysia,PERAK,Active,Active,Y,10/5/2022,Y,N,15.00,?,0.0,0.001633,0.0,16.8167,Y,Y,5.00,20.00,?,?,4.000000,10.900000,2,DURING & AFTER CAMP,81,1,Saver,2,Roaming,2022,10,5,4
20,25,Male,Malaysia,SABAH,Active,Active,Y,10/6/2022,Y,N,15.00,?,1.1e-05,0.0,0.0,0.0,N,N,?,?,?,?,?,?,38,NO ACTIVITY SINCE SEP,82,2,Premium,2,Roaming,2022,10,6,4
25,23,Female,Malaysia,KLANG VALLEY,Active,Active,Y,10/5/2022,Y,N,15.00,?,1.170861,0.067737,0.0,0.0,N,N,?,?,?,?,?,?,0,BEFORE & AFTER CAMP,84,2,Premium,2,Roaming,2022,10,5,4
19,0,Female,Malaysia,JOHORE,Active,Active,Y,10/6/2022,Y,N,15.00,?,2e-06,0.0,0.0,0.0,N,N,?,?,?,?,?,?,37,NO ACTIVITY SINCE SEP,90,1,Saver,1,Caller_tune,2022,10,6,4
123,38,Female,Malaysia,KLANG VALLEY,Active,Active,Y,10/6/2022,Y,N,15.00,?,0.0,0.0,0.0,0.0,N,N,?,?,?,?,?,?,36,NO ACTIVITY SINCE SEP,92,1,Saver,1,Caller_tune,2022,10,6,4
35,23,Female,Malaysia,SARAWAK,Active,Active,Y,10/6/2022,Y,N,15.00,?,7.032007,0.0,0.0,0.0,N,N,?,?,?,?,?,?,36,NO ACTIVITY SINCE SEP,93,1,Saver,2,Roaming,2022,10,6,4
27,22,Female,Malaysia,KEDAH,Active,Active,Y,10/6/2022,Y,N,15.00,?,1.7e-05,0.0,0.0,0.0,N,N,?,?,?,?,?,?,39,NO ACTIVITY SINCE SEP,94,2,Premium,1,Caller_tune,2022,10,6,4
54,25,Male,Malaysia,JOHORE,Active,Active,Y,10/6/2022,Y,N,8.00,?,23.647617,0.0,11.9166,0.0,Y,N,50.00,?,?,?,43.500000,?,37,NO ACTIVITY SINCE SEP,95,2,Premium,1,Caller_tune,2022,10,6,4
43,43,Female,Malaysia,KLANG VALLEY,Active,Active,Y,10/6/2022,Y,N,15.00,?,1.719432,0.0,0.4,0.0,N,N,?,?,?,?,0.120000,?,37,NO ACTIVITY SINCE SEP,96,2,Premium,2,Roaming,2022,10,6,4
25,23,Female,Malaysia,SABAH,Active,Active,Y,10/6/2022,Y,Y,15.00,1.00,0.098228,4e-06,0.0,0.0,N,N,?,?,?,?,2.000000,1.000000,1,BEFORE & AFTER CAMP,97,1,Saver,2,Roaming,2022,10,6,4
39,32,Male,Malaysia,JOHORE,Active,Active,Y,10/5/2022,Y,N,45.00,?,1.056761,0.0,0.0,0.0,Y,N,40.00,?,?,?,?,?,39,NO ACTIVITY SINCE SEP,98,2,Premium,1,Caller_tune,2022,10,5,4
78,21,Female,Malaysia,KELANTAN,Active,Active,Y,10/5/2022,Y,Y,15.00,14.99,0.036803,15.303912,0.0,2.1333,N,Y,?,15.00,?,?,?,20.900000,0,BEFORE & AFTER CAMP,102,1,Saver,2,Roaming,2022,10,5,4
209,59,Female,Malaysia,KLANG VALLEY,Active,Active,Y,10/6/2022,Y,N,15.00,?,0.0,0.0,0.0,2.2333,N,N,?,?,?,?,?,0.900000,0,BEFORE & AFTER CAMP,104,1,Saver,1,Caller_tune,2022,10,6,4
37,36,Male,Malaysia,KLANG VALLEY,Active,Active,Y,10/5/2022,Y,N,15.00,?,1.514187,0.416586,0.0,0.0167,N,N,?,?,?,?,?,0.010000,1,DURING & AFTER CAMP,105,2,Premium,2,Roaming,2022,10,5,4
113,24,Male,Malaysia,JOHORE,Active,Active,Y,10/5/2022,Y,N,15.00,?,0.0,0.0,0.0,0.0,N,Y,?,5.00,?,?,?,?,1,DURING & AFTER CAMP,106,1,Saver,2,Roaming,2022,10,5,4
16,36,Male,Malaysia,PERLIS,Active,Active,Y,10/5/2022,Y,N,15.00,?,0.0,1.681042,0.6167,2.7833,Y,N,5.00,?,?,?,1.000000,1.000000,0,BEFORE & AFTER CAMP,109,1,Saver,2,Roaming,2022,10,5,4
15,71,Female,Malaysia,PAHANG,Active,Active,Y,10/5/2022,Y,N,15.00,?,6.058599,0.354663,0.0333,0.0,N,N,?,?,?,?,0.200000,?,0,BEFORE & AFTER CAMP,110,1,Saver,1,Caller_tune,2022,10,5,4
39,22,Male,Malaysia,KLANG VALLEY,Active,Active,Y,10/5/2022,Y,N,15.00,?,0.0,0.0,0.0,0.0,N,N,?,?,?,?,0.180000,?,2,DURING & AFTER CAMP,111,2,Premium,1,Caller_tune,2022,10,5,4
89,35,Male,Malaysia,KLANG VALLEY,Active,Active,Y,10/5/2022,Y,N,35.00,?,3.107971,0.0,0.2333,0.0,Y,N,90.00,?,?,?,89.400000,?,35,NO ACTIVITY SINCE SEP,112,1,Saver,1,Caller_tune,2022,10,5,4
54,27,Male,Malaysia,JOHORE,Active,Active,Y,10/5/2022,Y,N,15.00,?,0.257728,0.470117,2.3,19.6167,Y,Y,5.00,5.00,?,?,2.100000,7.800000,7,BEFORE & AFTER CAMP,113,2,Premium,1,Caller_tune,2022,10,5,4
24,28,Female,Malaysia,SARAWAK,Active,Active,Y,10/6/2022,Y,N,15.00,?,0.0,0.0,0.0,0.0,N,N,?,?,?,?,?,?,5,DURING & AFTER CAMP,114,2,Premium,2,Roaming,2022,10,6,4
83,25,Unspecified,Malaysia,SABAH,Active,Active,Y,10/6/2022,Y,N,15.00,?,2.2e-05,2.946987,0.0,0.0,N,Y,?,10.00,3.90,?,3.900000,?,1,BEFORE & AFTER CAMP,115,1,Saver,2,Roaming,2022,10,6,4
25,29,Female,Malaysia,KEDAH,Active,Active,Y,10/6/2022,Y,Y,15.00,1.50,6.337295,8.806281,0.0,0.0,Y,Y,5.00,5.00,?,?,3.030000,6.050000,2,DURING & AFTER CAMP,116,1,Saver,1,Caller_tune,2022,10,6,4
98,32,Male,Malaysia,SARAWAK,Active,Active,Y,10/6/2022,Y,N,15.00,?,0.000448,0.0,0.0,0.0,Y,N,5.00,?,?,?,?,?,37,NO ACTIVITY SINCE SEP,118,1,Saver,1,Caller_tune,2022,10,6,4
20,59,Female,Malaysia,KLANG VALLEY,Active,Active,Y,10/6/2022,Y,N,15.00,?,26.81822,0.0,7.5,0.0,Y,N,45.00,?,?,?,31.050000,?,34,NO ACTIVITY SINCE SEP,119,2,Premium,1,Caller_tune,2022,10,6,4
25,38,Male,Malaysia,SARAWAK,Active,Active,Y,10/5/2022,Y,N,15.00,?,0.0,0.0,0.0,0.0,Y,N,5.00,?,?,?,?,?,35,NO ACTIVITY SINCE SEP,120,1,Saver,2,Roaming,2022,10,5,4
28,41,Male,Malaysia,KEDAH,Active,Active,Y,10/5/2022,Y,N,14.99,?,15.884299,0.0,1.1,0.0,Y,N,40.00,?,13.47,?,12.500000,?,36,NO ACTIVITY SINCE SEP,122,1,Saver,1,Caller_tune,2022,10,5,4
146,29,Female,Malaysia,KLANG VALLEY,Active,Active,Y,10/6/2022,Y,N,15.00,?,0.0,0.0,0.0,0.0,N,N,?,?,?,?,?,?,11,DURING & AFTER CAMP,123,1,Saver,1,Caller_tune,2022,10,6,4
21,24,Male,Malaysia,KLANG VALLEY,Active,Active,Y,10/6/2022,Y,N,15.00,?,0.07072,5.991636,0.0,0.0,N,N,?,?,?,?,?,?,3,DURING & AFTER CAMP,124,2,Premium,1,Caller_tune,2022,10,6,4
59,29,Female,Malaysia,JOHORE,Active,Active,Y,10/6/2022,Y,N,27.98,?,4.877975,3.579728,0.0,0.0,Y,N,30.00,?,?,?,27.990000,?,11,DURING & AFTER CAMP,125,2,Premium,2,Roaming,2022,10,6,4
216,39,Female,Malaysia,MALACCA,Active,Active,Y,10/5/2022,Y,N,15.00,?,0.985503,1.425295,0.0,1.1167,N,Y,?,30.00,?,?,2.000000,44.390000,1,BEFORE & AFTER CAMP,126,2,Premium,2,Roaming,2022,10,5,4
43,26,Female,Malaysia,SABAH,Active,Active,Y,10/6/2022,Y,N,15.00,?,0.006528,0.0,0.7833,0.0833,Y,N,10.00,?,?,?,1.800000,?,0,BEFORE & AFTER CAMP,128,1,Saver,1,Caller_tune,2022,10,6,4
176,27,Female,Malaysia,PERAK,Active,Active,Y,10/5/2022,Y,Y,15.00,10.00,0.0,1.149803,0.0,0.95,Y,Y,5.00,20.00,?,?,?,10.300000,7,DURING & AFTER CAMP,130,2,Premium,1,Caller_tune,2022,10,5,4
27,54,Female,Malaysia,SABAH,Active,Active,Y,10/6/2022,Y,N,15.00,?,0.082973,0.075099,0.0,0.0,N,N,?,?,?,?,?,?,0,DURING & AFTER CAMP,134,1,Saver,1,Caller_tune,2022,10,6,4
71,24,Female,Malaysia,PERAK,Active,Active,Y,10/5/2022,Y,N,27.98,?,0.095688,0.0,0.0,0.0,Y,N,10.00,?,?,?,27.980000,?,37,NO ACTIVITY SINCE SEP,135,1,Saver,1,Caller_tune,2022,10,5,4
18,25,Female,Malaysia,SABAH,Active,Active,Y,10/5/2022,Y,Y,15.00,14.99,28.391176,10.955425,1.2,0.0,Y,Y,25.00,10.00,?,?,21.810000,17.810000,0,DURING & AFTER CAMP,137,1,Saver,2,Roaming,2022,10,5,4
30,33,Male,Malaysia,SABAH,Active,Active,Y,10/6/2022,Y,Y,27.98,27.99,3.914991,12.105611,0.0,2.3833,N,Y,?,30.00,?,?,3.000000,27.990000,0,BEFORE & AFTER CAMP,138,1,Saver,1,Caller_tune,2022,10,6,4
48,30,Male,Malaysia,KLANG VALLEY,Active,Active,Y,10/6/2022,Y,N,15.00,?,5.377552,0.0,20.5167,0.0,Y,N,45.00,?,?,?,17.700000,?,39,NO ACTIVITY SINCE SEP,139,1,Saver,2,Roaming,2022,10,6,4
84,32,Male,Malaysia,SABAH,Active,Active,Y,10/5/2022,Y,N,15.00,?,2.702281,0.0,0.0,0.0,Y,N,5.00,?,?,?,?,?,39,NO ACTIVITY SINCE SEP,141,2,Premium,2,Roaming,2022,10,5,4
43,63,Female,Malaysia,PENANG,Active,Active,Y,10/5/2022,Y,Y,15.00,8.00,8.96681,32.612324,1.2333,0.15,Y,Y,30.00,25.00,21.19,?,28.090000,24.430000,0,DURING & AFTER CAMP,142,1,Saver,1,Caller_tune,2022,10,5,4
179,32,Female,Malaysia,SARAWAK,Active,Active,Y,10/6/2022,Y,N,49.98,?,1.505584,0.0,1.7,0.0,Y,N,60.00,?,?,?,89.340000,?,34,NO ACTIVITY SINCE SEP,143,1,Saver,2,Roaming,2022,10,6,4
46,31,Female,Malaysia,JOHORE,Active,Active,Y,10/6/2022,Y,N,15.00,?,1.748762,0.0,5.1166,0.0,Y,N,30.00,?,?,?,12.210000,2.000000,11,DURING & AFTER CAMP,146,2,Premium,1,Caller_tune,2022,10,6,4
51,29,Male,Malaysia,KLANG VALLEY,Active,Active,Y,10/5/2022,Y,Y,15.00,5.00,0.399968,9.896361,0.0,0.0,N,N,?,?,?,?,?,9.500000,12,BEFORE & AFTER CAMP,147,1,Saver,1,Caller_tune,2022,10,5,4
29,23,Male,Malaysia,SABAH,Active,Active,Y,10/6/2022,Y,N,15.00,?,0.0,0.0,0.0,0.0,N,N,?,?,?,?,?,?,33,NO ACTIVITY SINCE SEP,148,2,Premium,2,Roaming,2022,10,6,4
27,37,Male,Malaysia,SARAWAK,Active,Active,Y,10/6/2022,Y,N,15.00,?,29.801469,0.0,0.0,0.0,Y,N,25.00,?,?,?,21.900000,?,36,NO ACTIVITY SINCE SEP,149,2,Premium,1,Caller_tune,2022,10,6,4
48,26,Male,Malaysia,SARAWAK,Active,Active,Y,10/6/2022,Y,N,15.00,?,4e-06,0.0,0.0,0.0,N,N,?,?,?,?,?,?,35,NO ACTIVITY SINCE SEP,150,2,Premium,1,Caller_tune,2022,10,6,4
68,37,Female,Malaysia,KLANG VALLEY,Active,Active,Y,10/5/2022,Y,N,15.00,?,0.116958,0.134888,0.0,0.0,N,N,?,?,?,?,?,?,15,DURING & AFTER CAMP,152,1,Saver,2,Roaming,2022,10,5,4
146,55,Female,Malaysia,KLANG VALLEY,Active,Active,Y,10/6/2022,Y,N,15.00,?,0.0,0.0,8.0167,0.0,Y,N,20.00,?,?,?,16.920000,?,0,BEFORE & AFTER CAMP,155,1,Saver,2,Roaming,2022,10,6,4
68,57,Male,Malaysia,SARAWAK,Active,Active,Y,10/6/2022,Y,N,15.00,?,0.0,0.0,0.0,0.0,N,N,?,?,?,?,?,?,8,DURING & AFTER CAMP,156,2,Premium,1,Caller_tune,2022,10,6,4
520,36,Female,Malaysia,TERENGGANU,Active,Active,Y,10/5/2022,Y,N,29.99,?,7.62488,1.572863,7.6,0.0,Y,N,30.00,?,?,?,2.600000,?,0,DURING & AFTER CAMP,158,2,Premium,2,Roaming,2022,10,5,4
46,28,Male,Malaysia,JOHORE,Active,Active,Y,10/6/2022,Y,N,15.00,?,0.0,0.0,0.0,0.0,Y,N,5.00,?,?,?,12.000000,?,34,NO ACTIVITY SINCE SEP,161,2,Premium,1,Caller_tune,2022,10,6,4
520,35,Male,Malaysia,SABAH,Active,Active,Y,10/5/2022,Y,N,15.00,?,0.0,0.0,0.0,0.0,N,N,?,?,?,?,?,?,39,NO ACTIVITY SINCE SEP,162,2,Premium,1,Caller_tune,2022,10,5,4
51,23,Female,Malaysia,SARAWAK,Active,Active,Y,10/6/2022,Y,N,15.00,?,0.690715,0.214417,0.0,0.0,N,N,?,?,?,?,1.500000,?,0,BEFORE & AFTER CAMP,163,1,Saver,2,Roaming,2022,10,6,4
50,25,Female,Malaysia,SABAH,Active,Active,Y,10/6/2022,Y,N,15.00,?,0.0,4e-06,0.0,0.0,N,N,?,?,?,?,?,?,2,DURING & AFTER CAMP,165,1,Saver,1,Caller_tune,2022,10,6,4
40,29,Male,Malaysia,KLANG VALLEY,Active,Active,Y,10/6/2022,Y,N,15.00,?,0.0,0.0,0.0,0.0,N,N,?,?,?,?,27.000000,?,34,NO ACTIVITY SINCE SEP,166,2,Premium,2,Roaming,2022,10,6,4
49,51,Male,Malaysia,N SEMBILAN,Active,Active,Y,10/5/2022,Y,N,15.00,?,0.926123,2.559436,0.0,0.0,N,N,?,?,?,?,?,?,0,DURING & AFTER CAMP,167,1,Saver,2,Roaming,2022,10,5,4
59,50,Male,Malaysia,PENANG,Active,Active,Y,10/5/2022,Y,N,15.00,?,0.0,0.0,0.0,0.0,N,N,?,?,?,?,?,?,9,BEFORE & AFTER CAMP,168,2,Premium,1,Caller_tune,2022,10,5,4
18,45,Male,Malaysia,PERAK,Active,Active,Y,10/5/2022,Y,N,15.00,?,2.83317,0.0,7.0,0.0,Y,N,10.00,?,?,?,4.700000,?,34,NO ACTIVITY SINCE SEP,171,1,Saver,2,Roaming,2022,10,5,4
70,62,Female,Malaysia,SARAWAK,Active,Active,Y,10/5/2022,Y,N,15.00,?,0.017992,0.0,24.3167,0.0,Y,N,10.00,?,?,?,6.630000,?,35,NO ACTIVITY SINCE SEP,172,2,Premium,1,Caller_tune,2022,10,5,4
19,39,Male,Malaysia,KELANTAN,Active,Active,Y,10/5/2022,Y,N,35.00,?,66.620421,0.0,0.0,0.0,N,N,?,?,?,?,35.000000,?,35,NO ACTIVITY SINCE SEP,175,2,Premium,1,Caller_tune,2022,10,5,4
20,71,Female,Malaysia,PERAK,Active,Active,Y,10/5/2022,Y,N,15.00,?,0.0,0.0,0.0,0.0,N,N,?,?,?,?,?,?,35,NO ACTIVITY SINCE SEP,176,2,Premium,2,Roaming,2022,10,5,4
45,35,Female,Malaysia,PERAK,Active,Active,Y,10/5/2022,N,N,?,?,0.0,0.0,0.0,0.2667,N,N,?,?,?,?,?,0.390000,1,BEFORE & AFTER CAMP,177,1,Saver,2,Roaming,2022,10,5,4
53,28,Male,Malaysia,MALACCA,Active,Active,Y,10/5/2022,Y,N,5.00,?,22.887751,0.0,0.0,0.0,Y,N,10.00,?,?,?,9.000000,?,33,NO ACTIVITY SINCE SEP,178,1,Saver,1,Caller_tune,2022,10,5,4
113,27,Male,Malaysia,SABAH,Active,Active,Y,10/5/2022,Y,N,15.00,?,0.0,0.0,0.0,0.0,Y,N,10.00,?,12.90,?,12.900000,?,18,DURING CAMP THEN REMAIN,179,1,Saver,2,Roaming,2022,10,5,4
52,58,Female,Malaysia,SABAH,Active,Active,Y,10/5/2022,Y,N,15.00,?,0.0,0.0,0.0,0.0,N,N,?,?,?,?,?,?,33,NO ACTIVITY SINCE SEP,180,2,Premium,1,Caller_tune,2022,10,5,4
19,35,Male,Malaysia,SARAWAK,Active,Active,Y,10/5/2022,Y,N,15.00,?,3.543948,0.0,0.0,0.0,Y,N,5.00,?,?,?,1.500000,?,22,DURING CAMP THEN REMAIN,182,2,Premium,2,Roaming,2022,10,5,4
14,50,Male,Malaysia,N SEMBILAN,Active,Active,Y,10/5/2022,Y,N,15.00,?,9.775335,0.0,2.9833,0.0,Y,N,65.00,?,?,?,42.100000,?,38,NO ACTIVITY SINCE SEP,183,1,Saver,1,Caller_tune,2022,10,5,4
36,34,Male,Malaysia,PERAK,Active,Active,Y,10/6/2022,Y,N,15.00,?,0.000576,0.0,0.0,0.0,N,N,?,?,?,?,?,?,34,NO ACTIVITY SINCE SEP,184,1,Saver,1,Caller_tune,2022,10,6,4
25,29,Male,Malaysia,SARAWAK,Active,Active,Y,10/6/2022,Y,N,15.00,?,0.0,0.0,0.0,0.0,N,N,?,?,1.50,1.50,1.500000,13.500000,9,DURING & AFTER CAMP,185,1,Saver,1,Caller_tune,2022,10,6,4
176,30,Female,Malaysia,SARAWAK,Active,Active,Y,10/5/2022,N,Y,?,10.00,0.0,2.292047,0.0,17.05,Y,N,100.00,?,?,?,?,14.810000,0,BEFORE & AFTER CAMP,186,2,Premium,2,Roaming,2022,10,5,4
36,29,Male,Malaysia,KLANG VALLEY,Active,Active,Y,10/5/2022,Y,Y,6.00,3.00,0.516392,0.838229,0.0167,0.0,Y,N,30.00,?,?,?,7.700000,5.400000,2,BEFORE & AFTER CAMP,187,2,Premium,1,Caller_tune,2022,10,5,4
30,24,Female,Malaysia,JOHORE,Active,Active,Y,10/6/2022,Y,N,15.00,?,1e-06,0.0,0.0,0.0,N,N,?,?,?,?,?,?,36,NO ACTIVITY SINCE SEP,188,2,Premium,2,Roaming,2022,10,6,4
32,46,Female,Malaysia,JOHORE,Active,Active,Y,10/6/2022,Y,N,15.00,?,0.000215,0.015521,0.0,0.0,N,N,?,?,?,?,?,?,17,BEFORE & AFTER CAMP,190,2,Premium,2,Roaming,2022,10,6,4
109,25,Male,Malaysia,PERAK,Active,Active,Y,10/5/2022,Y,N,15.00,?,0.0,0.0,0.0,0.0,Y,Y,5.00,5.00,?,?,?,?,15,DURING & AFTER CAMP,191,2,Premium,1,Caller_tune,2022,10,5,4
126,37,Male,Malaysia,PERAK,Active,Active,Y,10/5/2022,N,N,?,?,0.0,0.0,9.35,19.3667,N,N,?,?,?,?,2.240000,4.480000,1,DURING & AFTER CAMP,195,1,Saver,2,Roaming,2022,10,5,4
183,29,Male,Malaysia,PERAK,Active,Active,Y,10/6/2022,Y,N,15.00,?,0.0,0.0,0.0,0.0,N,N,?,?,?,?,6.000000,8.000000,1,BEFORE & AFTER CAMP,197,2,Premium,2,Roaming,2022,10,6,4
79,23,Male,Malaysia,PAHANG,Active,Active,Y,10/5/2022,Y,N,15.00,?,0.0,0.0,0.0,0.0,N,N,?,?,?,?,?,?,37,NO ACTIVITY SINCE SEP,198,1,Saver,1,Caller_tune,2022,10,5,4
520,23,Female,Malaysia,KLANG VALLEY,Active,Active,Y,10/5/2022,Y,N,15.00,?,0.0,0.0,0.0,0.0,N,N,?,?,?,?,?,?,2,BEFORE & AFTER CAMP,200,2,Premium,1,Caller_tune,2022,10,5,4
25,60,Male,Malaysia,PAHANG,Active,Active,Y,10/6/2022,Y,N,15.00,?,0.0,0.0,0.0,0.0,Y,N,12.00,?,?,?,?,?,37,NO ACTIVITY SINCE SEP,201,2,Premium,1,Caller_tune,2022,10,6,4
35,22,Female,Malaysia,KEDAH,Active,Active,Y,10/5/2022,Y,N,15.00,?,6.031788,0.0,0.0,0.0,N,N,?,?,?,?,?,?,11,DURING & AFTER CAMP,203,2,Premium,2,Roaming,2022,10,5,4
84,62,Male,Malaysia,SARAWAK,Active,Active,Y,10/6/2022,Y,N,29.99,?,5.084647,0.0,7.6833,0.0,Y,N,50.00,?,?,?,2.600000,?,34,NO ACTIVITY SINCE SEP,204,2,Premium,1,Caller_tune,2022,10,6,4
72,26,Male,Malaysia,KLANG VALLEY,Active,Active,Y,10/5/2022,Y,N,15.00,?,0.6613,0.0,0.0,0.0,N,N,?,?,?,?,?,?,33,NO ACTIVITY SINCE SEP,206,2,Premium,2,Roaming,2022,10,5,4
152,24,Female,Malaysia,PERAK,Active,Active,Y,10/5/2022,N,N,?,?,0.0,0.0,0.0,0.0,N,N,?,?,?,?,?,?,2,DURING & AFTER CAMP,209,2,Premium,1,Caller_tune,2022,10,5,4
48,39,Female,Malaysia,SABAH,Active,Active,Y,10/6/2022,Y,N,15.00,?,0.010997,0.0,0.0,0.1333,Y,N,10.00,?,?,?,4.000000,?,4,DURING & AFTER CAMP,211,1,Saver,2,Roaming,2022,10,6,4
520,71,Male,Malaysia,N SEMBILAN,Active,Active,Y,10/6/2022,N,N,?,?,2.6e-05,8.7e-05,0.1333,6.0833,Y,N,30.00,?,?,?,0.260000,1.690000,0,DURING & AFTER CAMP,213,1,Saver,1,Caller_tune,2022,10,6,4
46,25,Female,Malaysia,SABAH,Active,Active,Y,10/5/2022,Y,N,15.00,?,8.108966,7.8978,0.4,2.1333,Y,Y,10.00,20.00,11.80,16.40,12.100000,17.300000,1,BEFORE & AFTER CAMP,215,1,Saver,1,Caller_tune,2022,10,5,4
21,40,Male,Malaysia,TERENGGANU,Active,Active,Y,10/6/2022,Y,N,15.00,?,27.137174,0.0,0.0,0.0,Y,N,40.00,?,?,?,18.800000,?,33,NO ACTIVITY SINCE SEP,217,1,Saver,1,Caller_tune,2022,10,6,4
28,28,Male,Malaysia,PERAK,Active,Active,Y,10/5/2022,Y,N,15.00,?,3.786712,0.0,8.7833,0.0,N,N,?,?,?,?,2.470000,?,36,NO ACTIVITY SINCE SEP,219,2,Premium,2,Roaming,2022,10,5,4
44,44,Male,Malaysia,PAHANG,Active,Active,Y,10/6/2022,Y,Y,15.00,12.00,0.566979,0.816653,0.0,0.0,Y,Y,20.00,20.00,?,?,12.000000,19.000000,3,DURING & AFTER CAMP,220,1,Saver,1,Caller_tune,2022,10,6,4
131,57,Female,Malaysia,PENANG,Active,Active,Y,10/6/2022,Y,N,15.00,?,2.7e-05,3.9e-05,14.0334,14.3667,N,N,?,?,?,?,18.480000,5.480000,0,DURING & AFTER CAMP,221,2,Premium,2,Roaming,2022,10,6,4
147,30,Male,Malaysia,PERAK,Active,Active,Y,10/6/2022,Y,N,15.00,?,0.0,0.0,0.0,10.5333,N,Y,?,10.00,?,?,?,8.700000,0,BEFORE & AFTER CAMP,222,2,Premium,1,Caller_tune,2022,10,6,4
102,31,Male,Malaysia,SABAH,Active,Active,Y,10/6/2022,Y,N,15.00,?,0.448384,0.046869,0.0,0.0,N,Y,?,10.00,?,?,?,0.800000,4,DURING & AFTER CAMP,225,2,Premium,2,Roaming,2022,10,6,4
34,25,Female,Malaysia,SARAWAK,Active,Active,Y,10/5/2022,Y,N,15.00,?,0.0,0.0,0.0,0.0,N,N,?,?,?,?,?,?,0,DURING & AFTER CAMP,229,2,Premium,1,Caller_tune,2022,10,5,4
44,31,Male,Malaysia,SARAWAK,Active,Active,Y,10/5/2022,Y,N,15.00,?,0.162082,0.0,0.0,0.0,N,N,?,?,?,?,?,?,33,NO ACTIVITY SINCE SEP,230,1,Saver,2,Roaming,2022,10,5,4
17,38,Male,Malaysia,KELANTAN,Active,Active,Y,10/5/2022,Y,N,15.00,?,0.059699,0.85258,0.0,0.0,N,N,?,?,?,?,1.000000,?,2,BEFORE & AFTER CAMP,231,2,Premium,1,Caller_tune,2022,10,5,4
71,22,Female,Malaysia,SABAH,Active,Active,Y,10/6/2022,Y,N,15.00,?,0.068429,0.110513,0.0,0.0,N,N,?,?,?,?,?,?,1,DURING & AFTER CAMP,232,1,Saver,1,Caller_tune,2022,10,6,4
92,23,Female,Malaysia,SABAH,Active,Active,Y,10/5/2022,Y,N,15.00,?,0.0,0.0,0.0,0.0,Y,N,5.00,?,?,?,2.000000,?,1,DURING & AFTER CAMP,234,2,Premium,1,Caller_tune,2022,10,5,4
33,47,Male,Malaysia,N SEMBILAN,Active,Active,Y,10/6/2022,Y,N,15.00,?,0.007321,0.312945,0.0,0.0,Y,N,10.00,?,?,?,?,?,0,BEFORE & AFTER CAMP,236,1,Saver,2,Roaming,2022,10,6,4
58,24,Male,Malaysia,N SEMBILAN,Active,Active,Y,10/5/2022,Y,N,15.00,?,0.613225,0.0,0.0,0.0,N,N,?,?,?,?,?,?,20,DURING CAMP THEN REMAIN,238,1,Saver,2,Roaming,2022,10,5,4
104,26,Male,Malaysia,KEDAH,Active,Active,Y,10/5/2022,Y,N,15.00,?,0.327038,0.0,0.0,0.0,Y,N,10.00,?,3.90,3.90,3.900000,3.900000,6,BEFORE & AFTER CAMP,239,1,Saver,2,Roaming,2022,10,5,4
222,0,Female,Malaysia,KLANG VALLEY,Active,Active,Y,10/6/2022,Y,N,27.99,?,0.025617,0.0,1.15,0.0,N,N,?,?,?,?,27.990000,?,39,NO ACTIVITY SINCE SEP,240,2,Premium,1,Caller_tune,2022,10,6,4
54,59,Male,Malaysia,N SEMBILAN,Active,Active,Y,10/6/2022,Y,N,15.00,?,0.0,0.0,0.0167,0.0,Y,N,5.00,?,?,?,1.100000,?,37,NO ACTIVITY SINCE SEP,241,2,Premium,2,Roaming,2022,10,6,4
53,22,Unspecified,Malaysia,JOHOR,Active,Active,Y,10/5/2022,Y,N,15.00,?,0.0,0.0,0.0,0.0,N,N,?,?,?,?,?,?,1,BEFORE & AFTER CAMP,244,1,Saver,1,Caller_tune,2022,10,5,4
48,31,Unspecified,Malaysia,SABAH,Active,Active,Y,10/6/2022,Y,Y,27.99,27.98,3.083397,7.886696,56.3167,88.9833,Y,Y,60.00,40.00,?,?,59.190000,39.680000,0,DURING & AFTER CAMP,246,2,Premium,2,Roaming,2022,10,6,4
15,24,Male,Malaysia,SABAH,Active,Active,Y,10/6/2022,Y,N,15.00,?,19.908054,10.867682,0.2,0.5,N,N,?,?,?,?,0.350000,0.100000,0,BEFORE & AFTER CAMP,247,2,Premium,1,Caller_tune,2022,10,6,4
22,46,Female,Malaysia,KELANTAN,Active,Active,Y,10/6/2022,Y,N,15.00,?,5.091174,0.0,1.4333,0.0,Y,N,5.00,?,?,?,4.400000,?,20,DURING CAMP THEN REMAIN,249,1,Saver,2,Roaming,2022,10,6,4
64,26,Male,Malaysia,PERAK,Active,Active,Y,10/5/2022,Y,N,15.00,?,0.0,0.002072,0.0,0.0,Y,Y,150.00,140.00,?,?,40.000000,220.000000,0,DURING & AFTER CAMP,250,2,Premium,2,Roaming,2022,10,5,4
55,22,Female,Malaysia,SABAH,Active,Active,Y,10/6/2022,Y,N,15.00,?,0.041622,0.072536,0.0,0.0,N,N,?,?,?,?,?,?,8,BEFORE & AFTER CAMP,251,2,Premium,2,Roaming,2022,10,6,4
69,35,Female,Malaysia,JOHORE,Active,Active,Y,10/5/2022,Y,N,15.00,?,0.0,0.0,0.0,0.0,N,N,?,?,?,?,?,?,12,DURING & AFTER CAMP,255,1,Saver,2,Roaming,2022,10,5,4
18,24,Female,Malaysia,KLANG VALLEY,Active,Active,Y,10/5/2022,Y,N,15.00,?,6e-06,0.0,0.0,0.0,N,N,?,?,?,?,?,?,35,NO ACTIVITY SINCE SEP,257,2,Premium,2,Roaming,2022,10,5,4
62,66,Male,Malaysia,SARAWAK,Active,Active,Y,10/6/2022,Y,N,15.00,?,2.846814,0.0,0.0,0.0,Y,N,10.00,?,?,?,?,?,35,NO ACTIVITY SINCE SEP,258,1,Saver,1,Caller_tune,2022,10,6,4
15,48,Female,Malaysia,KLANG VALLEY,Active,Active,Y,10/6/2022,Y,N,15.00,?,2.539287,0.33864,0.0,0.0,N,N,?,?,?,?,?,?,0,DURING & AFTER CAMP,260,2,Premium,2,Roaming,2022,10,6,4
44,64,Male,Malaysia,PENANG,Active,Active,Y,10/6/2022,Y,N,15.00,?,0.000291,0.000215,0.0,0.0,N,N,?,?,?,?,?,?,9,DURING & AFTER CAMP,262,2,Premium,2,Roaming,2022,10,6,4
29,36,Male,Malaysia,JOHORE,Active,Active,Y,10/6/2022,Y,N,15.00,?,0.0,0.0,0.0,0.0,N,N,?,?,?,?,?,?,37,NO ACTIVITY SINCE SEP,263,2,Premium,2,Roaming,2022,10,6,4
228,55,Male,Malaysia,PENANG,Active,Active,Y,10/5/2022,Y,N,15.00,?,0.000208,0.0,1.0,0.0,Y,N,5.00,?,?,?,0.720000,?,33,NO ACTIVITY SINCE SEP,264,1,Saver,1,Caller_tune,2022,10,5,4
58,30,Female,Malaysia,JOHORE,Active,Active,Y,10/5/2022,Y,N,15.00,?,0.0,0.0,0.0,0.0,N,Y,?,5.00,?,?,?,?,17,BEFORE & AFTER CAMP,265,1,Saver,1,Caller_tune,2022,10,5,4
39,54,Male,Malaysia,JOHORE,Active,Active,Y,10/6/2022,Y,N,15.00,?,0.010754,0.262982,0.0,0.0,N,N,?,?,?,?,?,?,0,DURING & AFTER CAMP,266,1,Saver,2,Roaming,2022,10,6,4
153,61,Male,Malaysia,KLANG VALLEY,Active,Active,Y,10/5/2022,Y,N,15.00,?,0.0,0.0,0.0,0.0,Y,N,5.00,?,?,?,?,?,11,DURING & AFTER CAMP,267,2,Premium,2,Roaming,2022,10,5,4
91,33,Male,Malaysia,TERENGGANU,Active,Active,Y,10/6/2022,Y,N,15.00,?,0.165787,0.042908,0.0,0.0,Y,N,5.00,?,?,?,?,?,13,BEFORE & AFTER CAMP,270,1,Saver,2,Roaming,2022,10,6,4
16,23,Female,Malaysia,JOHOR,Active,Active,Y,10/6/2022,Y,N,15.00,?,7.585677,0.0,113.0,0.0,N,N,?,?,?,?,6.400000,?,35,NO ACTIVITY SINCE SEP,271,2,Premium,2,Roaming,2022,10,6,4
61,26,Male,Malaysia,SARAWAK,Active,Active,Y,10/6/2022,Y,N,15.00,?,0.0,0.0,0.0,0.0,N,N,?,?,?,?,?,?,0,DURING & AFTER CAMP,273,1,Saver,2,Roaming,2022,10,6,4
92,51,Female,Malaysia,PENANG,Active,Active,Y,10/6/2022,Y,N,15.00,?,0.0,0.0,0.0,0.0,N,N,?,?,?,?,?,?,1,BEFORE & AFTER CAMP,277,2,Premium,2,Roaming,2022,10,6,4
35,22,Male,Malaysia,JOHORE,Active,Active,Y,10/5/2022,Y,N,15.00,?,3.132969,0.0,0.0,0.0,Y,Y,10.00,5.00,?,?,6.800000,?,7,DURING & AFTER CAMP,281,1,Saver,1,Caller_tune,2022,10,5,4
20,24,Female,Malaysia,JOHORE,Active,Active,Y,10/6/2022,Y,N,15.00,?,0.0,0.0,0.0,0.0,N,N,?,?,?,?,?,?,39,NO ACTIVITY SINCE SEP,283,1,Saver,1,Caller_tune,2022,10,6,4
112,31,Male,Malaysia,PENANG,Active,Active,Y,10/5/2022,Y,N,15.00,?,0.010977,0.000379,0.0,0.0,N,N,?,?,?,?,?,?,17,DURING & AFTER CAMP,284,2,Premium,2,Roaming,2022,10,5,4
18,40,Male,Malaysia,KEDAH,Active,Active,Y,10/5/2022,Y,N,15.00,?,0.0,0.0,0.0,0.0,N,N,?,?,?,?,?,?,16,BEFORE & AFTER CAMP,285,2,Premium,1,Caller_tune,2022,10,5,4
66,59,Female,Malaysia,SARAWAK,Active,Active,Y,10/6/2022,Y,N,29.99,?,0.049011,0.013365,12.3,1.4,Y,N,15.00,?,?,?,31.490000,0.600000,17,DURING & AFTER CAMP,286,1,Saver,2,Roaming,2022,10,6,4
199,31,Male,Malaysia,JOHORE,Active,Active,Y,10/6/2022,Y,Y,15.00,4.00,0.766942,0.855164,0.0,0.0,N,N,?,?,?,?,6.000000,8.000000,10,DURING & AFTER CAMP,287,2,Premium,1,Caller_tune,2022,10,6,4
36,40,Male,Malaysia,SARAWAK,Active,Active,Y,10/5/2022,Y,Y,15.00,10.00,0.001718,0.950269,0.5667,0.0,N,Y,?,10.00,?,?,0.170000,10.000000,1,DURING & AFTER CAMP,288,1,Saver,2,Roaming,2022,10,5,4
95,0,Male,Malaysia,SABAH,Active,Active,Y,10/5/2022,Y,N,15.00,?,0.0,0.0,0.0,0.0,N,N,?,?,?,?,?,?,1,BEFORE & AFTER CAMP,291,2,Premium,1,Caller_tune,2022,10,5,4
29,29,Male,Malaysia,PERAK,Active,Active,Y,10/6/2022,Y,N,15.00,?,0.009657,0.0,0.0,0.0,N,N,?,?,?,?,?,?,19,DURING CAMP THEN REMAIN,292,1,Saver,1,Caller_tune,2022,10,6,4
106,76,Male,Malaysia,PAHANG,Active,Active,Y,10/5/2022,N,N,?,?,0.0,0.0,0.0,0.2833,Y,N,10.00,?,?,?,?,0.260000,3,DURING & AFTER CAMP,297,1,Saver,1,Caller_tune,2022,10,5,4
19,65,Male,Malaysia,PENANG,Active,Active,Y,10/5/2022,Y,N,15.00,?,0.001001,0.004602,1.3667,0.1333,N,N,?,?,?,?,0.500000,0.200000,6,BEFORE & AFTER CAMP,298,1,Saver,1,Caller_tune,2022,10,5,4
79,35,Male,Malaysia,JOHORE,Active,Active,Y,10/5/2022,Y,Y,15.00,6.00,2.567462,18.20881,0.0,0.1,Y,Y,5.00,35.00,?,?,4.000000,39.600000,2,DURING & AFTER CAMP,299,1,Saver,2,Roaming,2022,10,5,4
83,48,Female,Malaysia,SABAH,Active,Active,Y,10/5/2022,N,N,?,?,0.0,0.0,0.0,0.0,N,N,?,?,?,?,8.000000,8.000000,14,DURING & AFTER CAMP,300,2,Premium,2,Roaming,2022,10,5,4
238,58,Male,Malaysia,SARAWAK,Active,Active,Y,10/6/2022,N,N,?,?,0.0,0.0,0.0,0.0,N,N,?,?,?,?,?,?,34,NO ACTIVITY SINCE SEP,303,2,Premium,2,Roaming,2022,10,6,4
33,43,Male,Malaysia,JOHORE,Active,Active,Y,10/6/2022,Y,N,15.00,?,0.0,0.0,0.0,0.0,Y,N,10.00,?,?,?,16.000000,8.000000,7,DURING & AFTER CAMP,304,1,Saver,2,Roaming,2022,10,6,4
70,35,Male,Malaysia,PERAK,Active,Active,Y,10/6/2022,Y,N,15.00,?,0.0,1.261206,0.0,13.6833,N,Y,?,15.00,?,?,?,5.100000,0,DURING & AFTER CAMP,306,1,Saver,1,Caller_tune,2022,10,6,4
22,36,Female,Malaysia,KEDAH,Active,Active,Y,10/6/2022,Y,N,15.00,?,1.72154,0.000113,0.0,0.0,N,N,?,?,?,?,?,?,0,BEFORE & AFTER CAMP,307,1,Saver,2,Roaming,2022,10,6,4
223,82,Male,Malaysia,SARAWAK,Active,Active,Y,10/6/2022,N,N,?,?,0.0,0.0,0.55,0.0,N,N,?,?,?,?,0.720000,?,0,BEFORE & AFTER CAMP,308,2,Premium,1,Caller_tune,2022,10,6,4
46,29,Female,Malaysia,KLANG VALLEY,Active,Active,Y,10/6/2022,Y,N,15.00,?,0.433707,0.012036,0.0,0.0,N,N,?,?,?,?,?,?,0,BEFORE & AFTER CAMP,309,1,Saver,2,Roaming,2022,10,6,4
38,35,Female,Malaysia,KEDAH,Active,Active,Y,10/6/2022,Y,N,15.00,?,0.177363,7.333871,0.0,4.3167,N,N,?,?,?,?,?,2.400000,0,BEFORE & AFTER CAMP,310,1,Saver,2,Roaming,2022,10,6,4
55,28,Female,Malaysia,KLANG VALLEY,Active,Active,Y,10/6/2022,Y,N,15.00,?,0.577702,0.000246,0.0,0.0,N,N,?,?,?,?,9.990000,?,0,BEFORE & AFTER CAMP,313,2,Premium,2,Roaming,2022,10,6,4
48,24,Female,Malaysia,SABAH,Active,Active,Y,10/5/2022,Y,N,15.00,?,0.167032,2.133099,0.0,0.0,Y,N,10.00,?,?,?,?,?,0,DURING & AFTER CAMP,315,2,Premium,1,Caller_tune,2022,10,5,4
37,42,Male,Malaysia,SARAWAK,Active,Active,Y,10/6/2022,N,N,?,?,0.0,0.0,0.0,0.0,Y,Y,30.00,10.00,?,?,?,?,34,NO ACTIVITY SINCE SEP,316,2,Premium,2,Roaming,2022,10,6,4
43,25,Male,Malaysia,KLANG VALLEY,Active,Active,Y,10/5/2022,Y,Y,15.00,3.00,16.047994,18.915773,0.0,0.0,N,Y,?,35.00,?,?,?,12.800000,0,BEFORE & AFTER CAMP,317,2,Premium,2,Roaming,2022,10,5,4
64,23,Female,Malaysia,KLANG VALLEY,Active,Active,Y,10/6/2022,N,N,?,?,0.0,0.0,0.0,0.0,Y,Y,5.00,10.00,?,?,?,?,0,DURING & AFTER CAMP,319,2,Premium,1,Caller_tune,2022,10,6,4
25,25,Male,Malaysia,N SEMBILAN,Active,Active,Y,10/6/2022,Y,N,29.99,?,11.467972,0.0,0.2333,0.0,Y,N,25.00,?,?,?,30.290000,?,38,NO ACTIVITY SINCE SEP,321,1,Saver,1,Caller_tune,2022,10,6,4
19,29,Male,Malaysia,SARAWAK,Active,Active,Y,10/5/2022,Y,Y,7.00,5.00,13.63516,44.595498,0.0,0.0,Y,Y,40.00,30.00,?,?,14.600000,38.800000,0,DURING & AFTER CAMP,322,2,Premium,1,Caller_tune,2022,10,5,4
250,75,Male,Malaysia,KLANG VALLEY,Active,Active,Y,10/6/2022,N,N,?,?,0.0,0.0,0.2167,59.2,N,Y,?,25.00,?,?,0.320000,14.720000,0,BEFORE & AFTER CAMP,323,1,Saver,1,Caller_tune,2022,10,6,4
53,35,Female,Malaysia,TERENGGANU,Active,Active,Y,10/5/2022,Y,N,15.00,?,0.221891,2.1e-05,0.0,0.0,N,N,?,?,?,?,?,?,11,DURING & AFTER CAMP,324,1,Saver,2,Roaming,2022,10,5,4
44,25,Male,Malaysia,KLANG VALLEY,Active,Active,Y,10/5/2022,Y,Y,10.00,10.00,2.72329,1.196526,0.0,0.0,Y,Y,15.00,20.00,?,?,18.000000,10.000000,0,BEFORE & AFTER CAMP,327,2,Premium,1,Caller_tune,2022,10,5,4
142,73,Male,Malaysia,KLANG VALLEY,Active,Active,Y,10/5/2022,Y,N,15.00,?,0.0,0.0,0.0,0.0,N,N,?,?,?,?,?,?,33,NO ACTIVITY SINCE SEP,328,2,Premium,2,Roaming,2022,10,5,4
27,26,Female,Malaysia,SABAH,Active,Active,Y,10/5/2022,Y,N,15.00,?,0.042609,0.687323,0.0,0.0,N,N,?,?,?,?,?,?,1,BEFORE & AFTER CAMP,330,2,Premium,2,Roaming,2022,10,5,4
18,33,Male,Malaysia,SARAWAK,Active,Active,Y,10/5/2022,Y,N,15.00,?,1e-06,1e-06,0.0,0.0,N,N,?,?,?,?,?,?,2,BEFORE & AFTER CAMP,331,1,Saver,2,Roaming,2022,10,5,4
95,51,Male,Malaysia,KLANG VALLEY,Active,Active,Y,10/6/2022,Y,N,15.00,?,0.0201,0.0,0.0,0.0,Y,N,10.00,?,?,?,4.000000,?,1,BEFORE & AFTER CAMP,333,1,Saver,1,Caller_tune,2022,10,6,4
17,22,Female,Malaysia,PERAK,Active,Active,Y,10/5/2022,Y,Y,34.99,20.00,1.512467,1.213623,0.0,2.4,Y,N,30.00,?,?,?,34.990000,20.000000,0,DURING & AFTER CAMP,335,2,Premium,1,Caller_tune,2022,10,5,4
520,69,Female,Malaysia,PERAK,Active,Active,Y,10/5/2022,Y,N,27.99,?,0.0,0.0,58.85,0.0,Y,N,30.00,?,?,?,27.990000,?,34,NO ACTIVITY SINCE SEP,336,1,Saver,2,Roaming,2022,10,5,4
11,24,Female,Malaysia,NEGERI SEMBILAN,Active,Active,Y,10/5/2022,Y,N,12.00,?,12.928292,0.0,0.1333,0.0,Y,Y,30.00,5.00,?,?,27.200000,?,36,NO ACTIVITY SINCE SEP,339,1,Saver,1,Caller_tune,2022,10,5,4
90,26,Male,Malaysia,SABAH,Active,Active,Y,10/6/2022,Y,N,15.00,?,3.335004,8.74341,1.9333,3.15,Y,Y,5.00,8.00,?,?,1.200000,2.200000,0,DURING & AFTER CAMP,340,1,Saver,1,Caller_tune,2022,10,6,4
69,0,Male,Malaysia,PERAK,Active,Active,Y,10/6/2022,Y,N,15.00,?,0.0,0.0,0.0,0.0,N,N,?,?,?,?,?,?,5,BEFORE & AFTER CAMP,341,1,Saver,2,Roaming,2022,10,6,4
24,50,Male,Malaysia,KLANG VALLEY,Active,Active,Y,10/5/2022,Y,N,15.00,?,0.0,0.0,0.0,0.0,N,N,?,?,?,?,0.100000,?,20,DURING CAMP THEN REMAIN,342,2,Premium,1,Caller_tune,2022,10,5,4
91,0,Male,Malaysia,KLANG VALLEY,Active,Active,Y,10/5/2022,Y,N,15.00,?,0.0,0.0,0.0,0.0,N,N,?,?,0.20,?,0.200000,?,35,NO ACTIVITY SINCE SEP,343,2,Premium,1,Caller_tune,2022,10,5,4
38,50,Male,Malaysia,SABAH,Active,Active,Y,10/5/2022,Y,N,15.00,?,0.115157,2.715821,0.0,0.0,N,N,?,?,?,?,?,?,3,BEFORE & AFTER CAMP,344,1,Saver,2,Roaming,2022,10,5,4
28,24,Male,Malaysia,SABAH,Active,Active,Y,10/6/2022,Y,N,15.00,?,0.001854,1.453201,0.0,3.5333,N,Y,?,10.00,?,?,?,13.560000,13,DURING & AFTER CAMP,346,2,Premium,1,Caller_tune,2022,10,6,4
91,54,Female,Malaysia,KELANTAN,Active,Active,Y,10/6/2022,Y,N,15.00,?,0.0,0.0,0.0,0.0,Y,Y,10.00,10.00,?,?,?,?,7,BEFORE & AFTER CAMP,347,1,Saver,2,Roaming,2022,10,6,4
34,72,Male,Malaysia,PENANG,Active,Active,Y,10/5/2022,Y,Y,35.00,35.00,0.041154,0.075051,0.0,0.0,Y,Y,5.00,35.00,?,?,35.000000,35.000000,1,DURING & AFTER CAMP,348,2,Premium,1,Caller_tune,2022,10,5,4
30,36,Male,Malaysia,KLANG VALLEY,Active,Active,Y,10/6/2022,Y,N,15.00,?,7e-06,2.8e-05,0.0,0.0,N,N,?,?,?,?,?,?,0,BEFORE & AFTER CAMP,349,1,Saver,2,Roaming,2022,10,6,4
25,0,Male,Malaysia,PERAK,Active,Active,Y,10/5/2022,Y,N,15.00,?,0.000837,0.0,0.0,0.0,N,N,?,?,?,?,?,?,38,NO ACTIVITY SINCE SEP,350,1,Saver,1,Caller_tune,2022,10,5,4
28,43,Female,Malaysia,PERAK,Active,Active,Y,10/6/2022,Y,Y,15.00,15.00,0.0,0.0,0.0,0.0,N,Y,?,20.00,?,?,?,15.000000,1,BEFORE & AFTER CAMP,352,2,Premium,1,Caller_tune,2022,10,6,4
71,60,Female,Malaysia,JOHORE,Active,Active,Y,10/6/2022,Y,N,15.00,?,0.0,0.0,0.0,0.0,N,N,?,?,0.99,?,0.990000,?,39,NO ACTIVITY SINCE SEP,354,1,Saver,1,Caller_tune,2022,10,6,4
49,22,Male,Malaysia,KLANG VALLEY,Active,Active,Y,10/6/2022,Y,N,15.00,?,0.0,0.0,0.0,0.0,N,N,?,?,2.00,2.00,2.000000,2.000000,8,BEFORE & AFTER CAMP,355,2,Premium,2,Roaming,2022,10,6,4
86,27,Female,Malaysia,KELANTAN,Active,Active,Y,10/6/2022,Y,Y,15.00,3.00,0.547274,18.618455,1.4833,3.0667,N,Y,?,10.00,?,?,3.600000,18.350000,1,DURING & AFTER CAMP,356,1,Saver,2,Roaming,2022,10,6,4
24,30,Female,Malaysia,SABAH,Active,Active,Y,10/5/2022,Y,N,15.00,?,0.0,4e-06,0.0,0.5333,Y,N,10.00,?,?,?,12.500000,0.200000,8,DURING & AFTER CAMP,357,1,Saver,1,Caller_tune,2022,10,5,4
18,64,Female,Malaysia,SABAH,Active,Active,Y,10/5/2022,Y,N,15.00,?,0.0,0.0,0.0,0.0,N,N,?,?,?,?,?,?,33,NO ACTIVITY SINCE SEP,358,1,Saver,2,Roaming,2022,10,5,4
21,36,Female,Malaysia,PERAK,Active,Active,Y,10/6/2022,Y,N,15.00,?,0.00898,0.0,0.0,0.0,N,N,?,?,?,?,?,?,37,NO ACTIVITY SINCE SEP,360,1,Saver,2,Roaming,2022,10,6,4
20,29,Male,Malaysia,PERAK,Active,Active,Y,10/6/2022,Y,N,15.00,?,0.00058,0.0,0.0,0.0,N,N,?,?,?,?,?,?,19,DURING CAMP THEN REMAIN,361,1,Saver,1,Caller_tune,2022,10,6,4
30,31,Male,Malaysia,KLANG VALLEY,Active,Active,Y,10/6/2022,N,N,?,?,0.0,0.002583,0.0,0.0,Y,N,10.00,?,?,?,?,?,10,DURING & AFTER CAMP,363,2,Premium,2,Roaming,2022,10,6,4
52,26,Male,Malaysia,JOHORE,Active,Active,Y,10/6/2022,Y,N,15.00,?,7.3e-05,0.0,0.0,0.0,N,N,?,?,?,?,?,?,35,NO ACTIVITY SINCE SEP,364,1,Saver,1,Caller_tune,2022,10,6,4
23,38,Male,Malaysia,JOHORE,Active,Active,Y,10/5/2022,Y,N,15.00,?,0.0,0.0,0.0,0.0,N,N,?,?,?,?,?,?,33,NO ACTIVITY SINCE SEP,365,1,Saver,1,Caller_tune,2022,10,5,4
220,80,Male,Malaysia,PENANG,Active,Active,Y,10/6/2022,N,N,?,?,0.0,0.0,2.0167,0.75,N,N,?,?,?,?,1.280000,0.400000,7,DURING & AFTER CAMP,366,1,Saver,2,Roaming,2022,10,6,4
59,29,Female,Malaysia,PERLIS,Active,Active,Y,10/5/2022,Y,N,15.00,?,2.491145,1.109637,0.0,0.4,N,N,?,?,0.15,?,12.000000,0.300000,0,DURING & AFTER CAMP,367,2,Premium,2,Roaming,2022,10,5,4
32,65,Female,Malaysia,PERAK,Active,Active,Y,10/6/2022,Y,N,15.00,?,1.655918,6.004884,0.0,0.0,N,N,?,?,?,?,?,?,2,BEFORE & AFTER CAMP,368,1,Saver,1,Caller_tune,2022,10,6,4
40,72,Male,Malaysia,SARAWAK,Active,Active,Y,10/6/2022,Y,N,15.00,?,6.1e-05,1.8e-05,0.0,0.0,Y,N,5.00,?,?,?,?,?,5,DURING & AFTER CAMP,369,2,Premium,1,Caller_tune,2022,10,6,4
36,46,Male,Malaysia,KLANG VALLEY,Active,Active,Y,10/6/2022,Y,N,15.00,?,0.763783,0.0,0.0,0.0,Y,N,5.00,?,?,?,?,?,36,NO ACTIVITY SINCE SEP,370,1,Saver,2,Roaming,2022,10,6,4
244,39,Male,Malaysia,SARAWAK,Active,Active,Y,10/6/2022,Y,N,15.00,?,0.0,0.0,0.0,12.8,N,Y,?,5.00,?,?,?,7.280000,0,DURING & AFTER CAMP,371,1,Saver,1,Caller_tune,2022,10,6,4
19,32,Male,Malaysia,KLANG VALLEY,Active,Active,Y,10/6/2022,Y,N,15.00,?,0.0,12.710772,0.0,0.0333,N,N,?,?,?,?,?,0.200000,0,BEFORE & AFTER CAMP,372,2,Premium,2,Roaming,2022,10,6,4
143,71,Male,Malaysia,MALACCA,Active,Active,Y,10/5/2022,N,N,?,?,0.0,0.0,0.0,0.0,N,N,?,?,?,?,?,?,18,DURING CAMP THEN REMAIN,374,1,Saver,2,Roaming,2022,10,5,4
32,24,Male,Malaysia,KLANG VALLEY,Active,Active,Y,10/6/2022,N,Y,?,5.00,0.0,16.664005,0.0,0.8667,Y,Y,5.00,30.00,?,?,?,40.500000,0,DURING & AFTER CAMP,378,2,Premium,2,Roaming,2022,10,6,4
193,48,Male,Malaysia,PENANG,Active,Active,Y,10/5/2022,N,N,?,?,0.0,0.0,0.0,9.25,N,N,?,?,?,?,38.000000,2.860000,1,DURING & AFTER CAMP,379,1,Saver,1,Caller_tune,2022,10,5,4
147,29,Male,Malaysia,SARAWAK,Active,Active,Y,10/6/2022,Y,N,15.00,?,0.0,0.0,0.0,0.0,N,N,?,?,?,?,1.000000,?,6,BEFORE & AFTER CAMP,380,2,Premium,2,Roaming,2022,10,6,4
30,54,Male,Malaysia,KLANG VALLEY,Active,Active,Y,10/5/2022,Y,N,15.00,?,0.0,0.0,0.0,0.0,N,N,?,?,?,?,?,?,37,NO ACTIVITY SINCE SEP,381,2,Premium,1,Caller_tune,2022,10,5,4
37,32,Male,Malaysia,KLANG VALLEY,Active,Active,Y,10/5/2022,Y,N,15.00,?,3.6e-05,0.0,0.0,0.0,N,N,?,?,?,?,?,?,38,NO ACTIVITY SINCE SEP,382,2,Premium,1,Caller_tune,2022,10,5,4
165,29,Male,Malaysia,KLANG VALLEY,Active,Active,Y,10/6/2022,Y,N,29.98,?,0.0,0.0,0.0,0.0,N,N,?,?,?,?,121.980000,2.000000,1,BEFORE & AFTER CAMP,386,2,Premium,1,Caller_tune,2022,10,6,4
24,44,Male,Malaysia,PERAK,Active,Active,Y,10/5/2022,Y,N,34.99,?,2.115814,0.0,2.15,0.0,Y,N,55.00,?,34.49,?,20.000000,?,38,NO ACTIVITY SINCE SEP,387,1,Saver,1,Caller_tune,2022,10,5,4
29,38,Male,Malaysia,KLANG VALLEY,Active,Active,Y,10/5/2022,Y,N,15.00,?,7.477062,0.0,1.9667,0.0,Y,N,20.00,?,?,?,1.000000,?,35,NO ACTIVITY SINCE SEP,388,1,Saver,1,Caller_tune,2022,10,5,4
21,24,Male,Malaysia,TERENGGANU,Active,Active,Y,10/5/2022,Y,N,15.00,?,0.0,2.373818,0.0,0.0,N,Y,?,10.00,?,?,?,0.800000,0,BEFORE & AFTER CAMP,391,1,Saver,2,Roaming,2022,10,5,4
520,30,Female,Malaysia,KELANTAN,Active,Active,Y,10/6/2022,Y,Y,35.00,35.00,13.884917,22.658208,5.2167,3.3,N,Y,?,40.00,?,?,35.000000,35.000000,1,BEFORE & AFTER CAMP,394,1,Saver,1,Caller_tune,2022,10,6,4
39,52,Female,Malaysia,KLANG VALLEY,Active,Active,Y,10/6/2022,N,N,?,?,0.003363,0.0,0.0,0.0,Y,N,150.00,?,?,?,126.000000,?,21,DURING CAMP THEN REMAIN,396,2,Premium,1,Caller_tune,2022,10,6,4
34,37,Male,Malaysia,TERENGGANU,Active,Active,Y,10/5/2022,Y,N,15.00,?,0.0,0.0,0.0,0.0,N,N,?,?,?,?,?,?,38,NO ACTIVITY SINCE SEP,397,1,Saver,1,Caller_tune,2022,10,5,4
30,26,Male,Malaysia,KLANG VALLEY,Active,Active,Y,10/24/2022,N,Y,?,14.99,0.0,48.151177,0.0,0.0,N,Y,?,10.00,?,?,?,21.990000,0,DURING & AFTER CAMP,399,1,Saver,1,Caller_tune,2022,10,24,4
33,23,Female,Malaysia,KLANG VALLEY,Active,Active,Y,10/5/2022,N,N,?,?,0.0,4.999776,0.0,0.0,Y,N,5.00,?,?,?,?,3.200000,2,DURING & AFTER CAMP,402,2,Premium,2,Roaming,2022,10,5,4
21,29,Female,Malaysia,SABAH,Active,Active,Y,10/5/2022,Y,Y,15.00,15.00,0.074098,5.430153,0.0,0.0167,N,Y,?,50.00,?,?,?,24.000000,6,DURING & AFTER CAMP,404,2,Premium,2,Roaming,2022,10,5,4
162,31,Female,Malaysia,JOHORE,Active,Active,Y,10/5/2022,Y,Y,4.00,3.00,1.763604,0.554943,0.0,0.0,Y,N,10.00,?,?,?,4.000000,3.000000,4,BEFORE & AFTER CAMP,405,1,Saver,2,Roaming,2022,10,5,4
16,49,Male,Malaysia,SELANGOR,Active,Active,Y,10/6/2022,Y,N,15.00,?,0.334607,7.196462,0.0,0.0,Y,N,5.00,?,?,?,1.000000,?,1,BEFORE & AFTER CAMP,408,1,Saver,2,Roaming,2022,10,6,4
22,36,Male,Malaysia,SABAH,Active,Active,Y,10/5/2022,Y,N,15.00,?,0.0,0.0,0.0,0.0,N,N,?,?,?,?,?,?,35,NO ACTIVITY SINCE SEP,409,2,Premium,2,Roaming,2022,10,5,4
32,37,Female,Malaysia,MALACCA,Active,Active,Y,10/6/2022,Y,N,15.00,?,0.391044,2.598776,0.0,0.0,N,N,?,?,?,?,?,?,15,DURING & AFTER CAMP,410,1,Saver,2,Roaming,2022,10,6,4
49,33,Male,Malaysia,PAHANG,Active,Active,Y,10/5/2022,Y,N,15.00,?,0.803643,0.0,0.0,0.0,Y,N,5.00,?,?,?,?,?,0,BEFORE & AFTER CAMP,411,1,Saver,1,Caller_tune,2022,10,5,4
51,24,Male,Malaysia,TERENGGANU,Active,Active,Y,10/6/2022,Y,N,15.00,?,0.104747,0.235079,0.0,0.0,N,N,?,?,?,?,?,?,1,BEFORE & AFTER CAMP,414,2,Premium,1,Caller_tune,2022,10,6,4
33,22,Male,Malaysia,MALACCA,Active,Active,Y,10/5/2022,Y,N,35.00,?,14.082002,0.0,2.5667,0.0,Y,N,30.00,?,?,?,?,?,38,NO ACTIVITY SINCE SEP,415,1,Saver,2,Roaming,2022,10,5,4
34,39,Male,Malaysia,KEDAH,Active,Active,Y,10/5/2022,Y,N,15.00,?,0.0,0.022382,0.0,0.0,N,N,?,?,?,?,?,3.370000,2,DURING & AFTER CAMP,416,2,Premium,1,Caller_tune,2022,10,5,4
152,41,Male,Malaysia,KLANG VALLEY,Active,Active,Y,10/6/2022,Y,Y,15.00,1.50,1e-06,1.444676,0.0667,0.35,N,Y,?,15.00,?,?,0.190000,9.720000,1,BEFORE & AFTER CAMP,417,2,Premium,1,Caller_tune,2022,10,6,4
19,26,Male,Malaysia,SABAH,Active,Active,Y,10/6/2022,Y,N,15.00,?,0.00399,0.0,0.0,0.0,N,N,?,?,?,?,?,?,35,NO ACTIVITY SINCE SEP,419,1,Saver,2,Roaming,2022,10,6,4
16,27,Male,Malaysia,SABAH,Active,Active,Y,10/6/2022,Y,N,15.00,?,0.000111,0.0,0.0,0.0,N,N,?,?,?,?,?,?,36,NO ACTIVITY SINCE SEP,420,2,Premium,1,Caller_tune,2022,10,6,4
59,45,Female,Malaysia,KLANG VALLEY,Active,Active,Y,10/6/2022,Y,N,15.00,?,0.05994,0.0,0.0,0.0,Y,Y,15.00,5.00,2.00,2.00,6.000000,2.000000,6,BEFORE & AFTER CAMP,422,2,Premium,2,Roaming,2022,10,6,4
50,30,Female,Malaysia,JOHORE,Active,Active,Y,10/5/2022,Y,Y,15.00,10.00,0.0,13.066008,0.0,4.3334,N,N,?,?,?,?,?,26.430000,0,BEFORE & AFTER CAMP,423,2,Premium,1,Caller_tune,2022,10,5,4
17,32,Male,Malaysia,SABAH,Active,Active,Y,10/6/2022,Y,N,15.00,?,6.970779,0.0,0.0,0.0,N,N,?,?,?,?,?,?,38,NO ACTIVITY SINCE SEP,424,2,Premium,2,Roaming,2022,10,6,4
65,59,Male,Malaysia,KELANTAN,Active,Active,Y,10/6/2022,Y,Y,1.00,2.00,0.51653,0.621064,1.6333,0.0,N,N,?,?,?,?,2.600000,4.000000,4,DURING & AFTER CAMP,428,1,Saver,1,Caller_tune,2022,10,6,4
51,74,Female,Malaysia,SARAWAK,Active,Active,Y,10/6/2022,N,N,?,?,0.0,0.0,0.0,0.0,N,N,?,?,?,?,?,4.000000,0,BEFORE & AFTER CAMP,429,2,Premium,1,Caller_tune,2022,10,6,4
67,56,Male,Malaysia,KEDAH,Active,Active,Y,10/6/2022,Y,N,15.00,?,0.0,0.000724,0.0,0.0,Y,Y,5.00,10.00,?,?,?,?,8,BEFORE & AFTER CAMP,430,1,Saver,2,Roaming,2022,10,6,4
18,23,Male,Malaysia,PENANG,Active,Active,Y,10/5/2022,Y,N,15.00,?,0.000302,0.0,0.0,0.0,N,N,?,?,?,?,?,?,38,NO ACTIVITY SINCE SEP,431,1,Saver,2,Roaming,2022,10,5,4
50,69,Female,Malaysia,JOHORE,Active,Active,Y,10/5/2022,N,N,?,?,0.0,0.0,0.7667,1.2333,Y,Y,15.00,10.00,?,?,0.390000,0.390000,5,BEFORE & AFTER CAMP,433,1,Saver,2,Roaming,2022,10,5,4
18,40,Male,Malaysia,KLANG VALLEY,Active,Active,Y,10/6/2022,Y,N,15.00,?,1.2e-05,8.5e-05,0.0,0.0,N,N,?,?,?,?,?,?,0,BEFORE & AFTER CAMP,436,2,Premium,2,Roaming,2022,10,6,4
36,52,Female,Malaysia,SABAH,Active,Active,Y,10/5/2022,Y,N,15.00,?,5.587774,18.030855,0.0,3.3167,N,N,?,?,?,?,?,1.200000,0,DURING & AFTER CAMP,437,2,Premium,1,Caller_tune,2022,10,5,4
33,47,Male,Malaysia,SABAH,Active,Active,Y,10/6/2022,Y,N,27.98,?,4.102394,12.778335,0.05,0.0,Y,N,30.00,?,?,?,28.480000,?,3,DURING & AFTER CAMP,441,1,Saver,1,Caller_tune,2022,10,6,4
41,43,Male,Malaysia,JOHORE,Active,Active,Y,10/5/2022,Y,N,15.00,?,3.865967,13.037678,0.0,0.6333,N,Y,?,5.00,?,?,?,1.990000,0,DURING & AFTER CAMP,444,2,Premium,1,Caller_tune,2022,10,5,4
33,34,Female,Malaysia,SARAWAK,Active,Active,Y,10/5/2022,Y,N,15.00,?,0.0,0.0,0.0,0.0,N,N,?,?,?,?,?,?,8,BEFORE & AFTER CAMP,445,1,Saver,2,Roaming,2022,10,5,4
21,54,Male,Malaysia,SARAWAK,Active,Active,Y,10/5/2022,Y,N,15.00,?,0.10033,0.0,0.0,0.0,N,N,?,?,?,?,?,?,37,NO ACTIVITY SINCE SEP,446,1,Saver,2,Roaming,2022,10,5,4
520,65,Female,Malaysia,SARAWAK,Active,Active,Y,10/5/2022,Y,N,15.00,?,0.539958,0.0,0.0,0.0,N,N,?,?,?,?,?,?,3,DURING & AFTER CAMP,447,2,Premium,1,Caller_tune,2022,10,5,4
26,23,Female,Malaysia,MALACCA,Active,Active,Y,10/5/2022,N,N,?,?,12.637677,0.0,198.4167,0.0,N,N,?,?,?,?,?,?,34,NO ACTIVITY SINCE SEP,450,2,Premium,1,Caller_tune,2022,10,5,4
151,29,Male,Malaysia,PERAK,Active,Active,Y,10/6/2022,N,N,?,?,0.0,0.0,0.0,0.0333,N,N,?,?,?,?,?,0.180000,0,BEFORE & AFTER CAMP,451,1,Saver,2,Roaming,2022,10,6,4
24,35,Female,Malaysia,SARAWAK,Active,Active,Y,10/5/2022,Y,N,15.00,?,2.64172,3.567989,0.0,0.0,N,Y,?,10.00,?,?,?,?,0,BEFORE & AFTER CAMP,452,2,Premium,1,Caller_tune,2022,10,5,4
94,29,Female,Malaysia,KLANG VALLEY,Active,Active,Y,10/5/2022,Y,N,15.00,?,0.0,0.0,0.1333,0.0,Y,N,10.00,?,?,?,0.150000,?,21,DURING CAMP THEN REMAIN,453,2,Premium,1,Caller_tune,2022,10,5,4
26,25,Male,Malaysia,KLANG VALLEY,Active,Active,Y,10/5/2022,Y,N,15.00,?,0.0,0.0,0.0,0.0,N,N,?,?,?,?,?,?,34,NO ACTIVITY SINCE SEP,457,2,Premium,1,Caller_tune,2022,10,5,4
25,40,Male,Malaysia,KLANG VALLEY,Active,Active,Y,10/6/2022,Y,N,15.00,?,1.60622,4.338845,2.5333,10.9333,N,N,?,?,?,?,0.700000,3.000000,0,DURING & AFTER CAMP,458,1,Saver,2,Roaming,2022,10,6,4
22,47,Female,Malaysia,PERAK,Active,Active,Y,10/5/2022,Y,N,35.00,?,14.230697,0.0,791.5834,0.0,Y,N,40.00,?,?,?,?,?,37,NO ACTIVITY SINCE SEP,460,1,Saver,1,Caller_tune,2022,10,5,4
33,28,Male,Malaysia,SARAWAK,Active,Active,Y,10/6/2022,Y,N,15.00,?,10.37718,0.0,0.0,0.0,N,N,?,?,?,?,0.030000,?,39,NO ACTIVITY SINCE SEP,463,1,Saver,1,Caller_tune,2022,10,6,4
21,23,Male,Malaysia,MALACCA,Active,Active,Y,10/5/2022,Y,N,15.00,?,2.928379,0.0,0.95,0.0,Y,N,5.00,?,?,?,4.200000,?,39,NO ACTIVITY SINCE SEP,464,2,Premium,2,Roaming,2022,10,5,4
106,39,Female,Malaysia,PENANG,Active,Active,Y,10/5/2022,Y,N,15.00,?,0.0,0.0,0.0,0.0,N,N,?,?,?,?,?,?,3,BEFORE & AFTER CAMP,465,1,Saver,2,Roaming,2022,10,5,4
45,27,Male,Malaysia,KLANG VALLEY,Active,Active,Y,10/5/2022,Y,N,15.00,?,0.0,0.0,0.0,0.0,N,Y,?,5.00,?,?,?,?,35,NO ACTIVITY SINCE SEP,466,2,Premium,1,Caller_tune,2022,10,5,4
74,69,Male,Malaysia,KLANG VALLEY,Active,Active,Y,10/6/2022,Y,N,15.00,?,0.205737,0.0,0.0,0.0,N,N,?,?,?,?,?,?,38,NO ACTIVITY SINCE SEP,467,1,Saver,2,Roaming,2022,10,6,4
168,35,Male,Malaysia,PENANG,Active,Active,Y,10/6/2022,N,N,?,?,1.97128,0.0,171.7834,0.0,N,N,?,?,0.15,?,?,?,2,BEFORE & AFTER CAMP,468,1,Saver,2,Roaming,2022,10,6,4
45,25,Male,Malaysia,SABAH,Active,Active,Y,10/5/2022,Y,N,29.98,?,0.0,1e-06,0.0,0.0,N,N,?,?,?,?,?,?,12,DURING & AFTER CAMP,469,2,Premium,1,Caller_tune,2022,10,5,4
41,46,Female,Malaysia,SABAH,Active,Active,Y,10/5/2022,Y,N,15.00,?,0.0,0.0,0.0,0.0,N,N,?,?,?,?,?,?,21,DURING CAMP THEN REMAIN,470,2,Premium,2,Roaming,2022,10,5,4
21,45,Female,Malaysia,SABAH,Active,Active,Y,10/6/2022,Y,N,15.00,?,2.583013,0.0,0.85,0.0,N,N,?,?,?,?,0.200000,?,38,NO ACTIVITY SINCE SEP,471,2,Premium,1,Caller_tune,2022,10,6,4
36,36,Male,Malaysia,SARAWAK,Active,Active,Y,10/6/2022,Y,Y,15.00,4.00,6.519501,7.605438,6.15,5.2667,N,Y,?,30.00,?,?,?,6.080000,0,BEFORE & AFTER CAMP,473,1,Saver,2,Roaming,2022,10,6,4
27,35,Female,Malaysia,SARAWAK,Active,Active,Y,10/5/2022,Y,N,15.00,?,0.0,0.0,0.0,0.0,N,Y,?,5.00,?,?,?,?,11,DURING & AFTER CAMP,474,1,Saver,1,Caller_tune,2022,10,5,4
48,0,Male,Malaysia,SARAWAK,Active,Active,Y,10/5/2022,Y,N,15.00,?,0.0,0.0,0.0,0.0,N,N,?,?,?,?,?,?,19,DURING CAMP THEN REMAIN,476,2,Premium,1,Caller_tune,2022,10,5,4
20,69,Male,Malaysia,SARAWAK,Active,Active,Y,10/6/2022,Y,N,5.00,?,7.717679,0.0,1.75,0.0,Y,N,40.00,?,?,?,21.700000,?,34,NO ACTIVITY SINCE SEP,480,2,Premium,2,Roaming,2022,10,6,4
87,27,Male,Malaysia,JOHORE,Active,Active,Y,10/6/2022,Y,N,15.00,?,1.219085,4.641643,0.0,5.5167,N,N,?,?,?,?,4.000000,2.730000,1,DURING & AFTER CAMP,483,2,Premium,1,Caller_tune,2022,10,6,4
22,27,Male,Malaysia,KELANTAN,Active,Active,Y,10/5/2022,Y,N,15.00,?,5.272745,0.0,0.0,0.0,N,N,?,?,?,?,?,?,38,NO ACTIVITY SINCE SEP,485,2,Premium,2,Roaming,2022,10,5,4
39,38,Female,Malaysia,JOHORE,Active,Active,Y,10/5/2022,Y,N,15.00,?,0.0,0.0,0.1,0.0,N,N,?,?,?,?,0.130000,?,37,NO ACTIVITY SINCE SEP,486,1,Saver,1,Caller_tune,2022,10,5,4
19,72,Male,Malaysia,PAHANG,Active,Active,Y,10/5/2022,Y,Y,15.00,14.99,8.943566,0.0,12.2667,0.0,Y,Y,45.00,15.00,29.23,?,37.690000,14.990000,34,NO ACTIVITY SINCE SEP,487,2,Premium,2,Roaming,2022,10,5,4
99,31,Male,Malaysia,SABAH,Active,Active,Y,10/5/2022,Y,N,15.00,?,0.029576,0.0,0.0,0.0,N,N,?,?,?,?,?,?,21,DURING CAMP THEN REMAIN,488,2,Premium,1,Caller_tune,2022,10,5,4
123,66,Male,Malaysia,PERAK,Active,Active,Y,10/6/2022,Y,N,20.00,?,2.209879,0.0,3.0666,0.0,Y,N,15.00,?,?,?,21.520000,2.000000,16,BEFORE & AFTER CAMP,489,2,Premium,1,Caller_tune,2022,10,6,4
18,37,Female,Malaysia,KLANG VALLEY,Active,Active,Y,10/6/2022,Y,N,29.99,?,12.833144,0.0,0.1167,0.0,Y,N,30.00,?,?,?,0.300000,?,7,BEFORE & AFTER CAMP,491,1,Saver,2,Roaming,2022,10,6,4
21,28,Female,Malaysia,KELANTAN,Active,Active,Y,10/5/2022,Y,Y,4.50,3.00,17.850552,14.540426,0.1667,1.1334,Y,Y,30.00,15.00,?,?,16.300000,15.300000,2,DURING & AFTER CAMP,492,2,Premium,2,Roaming,2022,10,5,4
199,82,Male,Malaysia,PAHANG,Active,Active,Y,10/6/2022,Y,N,15.00,?,0.0,0.0,16.2,8.3167,N,N,?,?,?,?,4.680000,2.730000,5,DURING & AFTER CAMP,493,2,Premium,2,Roaming,2022,10,6,4
30,48,Male,Malaysia,JOHORE,Active,Active,Y,10/6/2022,Y,N,15.00,?,0.000689,0.000132,0.0,0.0,N,N,?,?,?,?,?,?,0,DURING & AFTER CAMP,494,2,Premium,1,Caller_tune,2022,10,6,4
21,73,Male,Malaysia,SABAH,Active,Active,Y,10/6/2022,Y,N,15.00,?,0.117688,0.0,0.0667,0.0,N,N,?,?,?,?,0.600000,?,39,NO ACTIVITY SINCE SEP,497,1,Saver,2,Roaming,2022,10,6,4
18,26,Female,Malaysia,KEDAH,Active,Active,Y,10/6/2022,Y,N,15.00,?,0.264999,0.080407,0.0,0.0,N,Y,?,5.00,?,?,?,?,0,DURING & AFTER CAMP,498,1,Saver,1,Caller_tune,2022,10,6,4
55,22,Unspecified,Malaysia,SABAH,Active,Active,Y,10/5/2022,Y,N,15.00,?,0.079898,0.0,0.0,0.0,N,N,?,?,0.15,?,?,?,37,NO ACTIVITY SINCE SEP,500,1,Saver,2,Roaming,2022,10,5,4
82,53,Male,Malaysia,KLANG VALLEY,Active,Active,Y,10/5/2022,Y,N,15.00,?,11.687904,0.0,4.95,0.0,Y,N,10.00,?,?,?,3.720000,?,38,NO ACTIVITY SINCE SEP,502,1,Saver,1,Caller_tune,2022,10,5,4
120,60,Female,Malaysia,SARAWAK,Active,Active,Y,10/6/2022,N,N,?,?,0.0,0.0,0.0,0.6333,Y,N,50.00,?,?,?,38.000000,0.640000,4,BEFORE & AFTER CAMP,504,1,Saver,2,Roaming,2022,10,6,4
22,45,Male,Malaysia,SABAH,Active,Active,Y,10/6/2022,Y,N,15.00,?,1.5e-05,0.117599,0.0,0.0,N,Y,?,5.00,?,?,?,?,2,BEFORE & AFTER CAMP,505,1,Saver,2,Roaming,2022,10,6,4
35,25,Male,Malaysia,MALACCA,Active,Active,Y,10/6/2022,Y,N,15.00,?,14.266109,0.0,0.2334,0.0,Y,N,10.00,?,?,?,9.820000,?,39,NO ACTIVITY SINCE SEP,506,1,Saver,2,Roaming,2022,10,6,4
27,33,Male,Malaysia,JOHORE,Active,Active,Y,10/5/2022,Y,N,20.00,?,3.847289,0.0,5.5,0.0,Y,N,30.00,?,?,?,22.900000,?,36,NO ACTIVITY SINCE SEP,509,1,Saver,1,Caller_tune,2022,10,5,4
84,73,Male,Malaysia,JOHORE,Active,Active,Y,10/6/2022,N,N,?,?,0.0,0.0,0.0,9.6834,Y,Y,40.00,25.00,?,?,6.000000,35.880000,0,DURING & AFTER CAMP,510,1,Saver,2,Roaming,2022,10,6,4
94,30,Male,Malaysia,PERAK,Active,Active,Y,10/5/2022,Y,Y,3.00,3.00,0.171286,1.943309,0.0,1.3333,N,N,?,?,?,?,11.000000,13.640000,1,DURING & AFTER CAMP,512,1,Saver,1,Caller_tune,2022,10,5,4
19,60,Unspecified,Malaysia,SABAH,Active,Active,Y,10/5/2022,Y,Y,15.00,15.00,5.175035,2.937586,0.0,0.0,N,Y,?,10.00,?,?,?,15.000000,3,BEFORE & AFTER CAMP,513,2,Premium,2,Roaming,2022,10,5,4
102,28,Male,Malaysia,PERAK,Active,Active,Y,10/6/2022,Y,N,15.00,?,1.2e-05,0.0,0.0,0.0,N,N,?,?,?,?,?,?,0,DURING & AFTER CAMP,515,2,Premium,2,Roaming,2022,10,6,4
30,23,Male,Malaysia,JOHORE,Active,Active,Y,10/6/2022,Y,N,15.00,?,9.040138,0.0,0.0,0.0,Y,N,5.00,?,?,?,4.800000,?,4,BEFORE & AFTER CAMP,516,1,Saver,2,Roaming,2022,10,6,4
49,28,Male,Malaysia,SABAH,Active,Active,Y,10/5/2022,Y,Y,15.00,1.50,8.122925,35.383996,0.0,1.75,Y,Y,5.00,18.00,?,?,9.000000,15.980000,0,DURING & AFTER CAMP,517,2,Premium,1,Caller_tune,2022,10,5,4
53,39,Male,Malaysia,MALACCA,Active,Active,Y,10/6/2022,Y,N,15.00,?,0.0,0.0,0.0,0.0,N,N,?,?,?,?,4.000000,?,38,NO ACTIVITY SINCE SEP,518,1,Saver,1,Caller_tune,2022,10,6,4
199,50,Male,Malaysia,KLANG VALLEY,Active,Active,Y,10/6/2022,Y,N,15.00,?,1.437354,1.2e-05,0.0,0.5167,N,N,?,?,?,?,?,0.480000,0,BEFORE & AFTER CAMP,520,2,Premium,1,Caller_tune,2022,10,6,4
20,41,Male,Malaysia,PAHANG,Active,Active,Y,10/6/2022,Y,N,15.00,?,0.249865,3.746293,0.0,13.3333,N,Y,?,15.00,?,?,?,4.600000,0,BEFORE & AFTER CAMP,521,2,Premium,2,Roaming,2022,10,6,4
89,29,Female,Malaysia,JOHORE,Active,Active,Y,10/6/2022,N,N,?,?,0.0,0.0,0.0,0.0,N,N,?,?,?,?,?,?,8,DURING & AFTER CAMP,522,1,Saver,1,Caller_tune,2022,10,6,4
196,71,Male,Malaysia,KLANG VALLEY,Active,Active,Y,10/5/2022,Y,N,15.00,?,0.0,0.0,0.0,0.0,N,N,?,?,?,?,?,?,23,BEFORE CAMP THEN REMAIN,523,1,Saver,2,Roaming,2022,10,5,4
133,71,Female,Malaysia,SARAWAK,Active,Active,Y,10/5/2022,Y,N,15.00,?,0.0,0.0,0.0,0.0,N,N,?,?,?,?,?,?,1,DURING & AFTER CAMP,528,1,Saver,1,Caller_tune,2022,10,5,4
72,50,Female,Malaysia,SARAWAK,Active,Active,Y,10/5/2022,Y,N,15.00,?,0.0,0.0,0.0,0.0,Y,N,10.00,?,?,?,?,?,18,DURING CAMP THEN REMAIN,529,2,Premium,2,Roaming,2022,10,5,4
21,30,Female,Malaysia,PERAK,Active,Active,Y,10/5/2022,Y,Y,15.00,8.00,3.496632,15.304061,0.0,0.0,Y,Y,10.00,20.00,?,?,12.000000,15.000000,3,BEFORE & AFTER CAMP,530,2,Premium,2,Roaming,2022,10,5,4
155,64,Female,Malaysia,SARAWAK,Active,Active,Y,10/6/2022,Y,N,27.98,?,0.498714,0.405105,0.3833,0.0,Y,N,30.00,?,?,?,?,?,0,DURING & AFTER CAMP,531,2,Premium,1,Caller_tune,2022,10,6,4
210,34,Male,Malaysia,PERAK,Active,Active,Y,10/6/2022,Y,N,15.00,?,0.0,0.0,0.0,0.0,N,N,?,?,?,?,?,2.000000,15,BEFORE & AFTER CAMP,532,2,Premium,1,Caller_tune,2022,10,6,4
18,26,Male,Malaysia,MALACCA,Active,Active,Y,10/5/2022,Y,N,15.00,?,0.0,0.0,0.0,0.0,N,N,?,?,2.00,2.00,2.000000,2.000000,4,BEFORE & AFTER CAMP,536,2,Premium,2,Roaming,2022,10,5,4
24,41,Male,Malaysia,JOHORE,Active,Active,Y,10/5/2022,Y,N,5.00,?,8.12499,0.0,0.0,0.0,Y,N,85.00,?,64.40,?,32.810000,?,34,NO ACTIVITY SINCE SEP,537,2,Premium,2,Roaming,2022,10,5,4
52,31,Male,Malaysia,JOHORE,Active,Active,Y,10/5/2022,Y,N,15.00,?,0.0,0.0,0.0,0.0,N,N,?,?,?,?,?,?,6,DURING & AFTER CAMP,541,2,Premium,2,Roaming,2022,10,5,4
18,51,Unspecified,Malaysia,SABAH,Active,Active,Y,10/5/2022,Y,N,15.00,?,0.555696,0.0,1.8,0.0,N,N,?,?,0.15,?,1.200000,?,7,DURING & AFTER CAMP,542,1,Saver,2,Roaming,2022,10,5,4
125,40,Female,Malaysia,JOHORE,Active,Active,Y,10/5/2022,Y,N,15.00,?,0.524797,0.0,32.9167,0.0,Y,N,40.00,?,?,?,25.100000,?,37,NO ACTIVITY SINCE SEP,544,2,Premium,1,Caller_tune,2022,10,5,4
61,24,Male,Malaysia,SARAWAK,Active,Active,Y,10/6/2022,Y,N,15.00,?,10.914535,0.01361,4.05,0.0,Y,N,5.00,?,?,?,1.700000,?,0,DURING & AFTER CAMP,545,1,Saver,1,Caller_tune,2022,10,6,4
50,67,Female,Malaysia,JOHORE,Active,Active,Y,10/6/2022,Y,N,15.00,?,0.18175,0.198562,0.0,0.0,N,N,?,?,?,?,?,?,4,BEFORE & AFTER CAMP,546,1,Saver,1,Caller_tune,2022,10,6,4
46,29,Male,Malaysia,SABAH,Active,Active,Y,10/6/2022,Y,Y,15.00,1.50,10.131781,0.534276,9.75,0.0,Y,N,15.00,?,?,?,5.100000,3.000000,13,BEFORE & AFTER CAMP,548,2,Premium,2,Roaming,2022,10,6,4
65,23,Male,Malaysia,SABAH,Active,Active,Y,10/6/2022,Y,N,15.00,?,0.483631,8.3e-05,0.0,0.0,N,N,?,?,?,?,?,?,0,DURING & AFTER CAMP,551,2,Premium,1,Caller_tune,2022,10,6,4
12,85,Male,Malaysia,MELAKA,Active,Active,Y,10/6/2022,N,N,?,?,0.001009,0.057795,6.5667,0.0,N,N,?,?,?,?,1.400000,?,11,BEFORE & AFTER CAMP,552,1,Saver,1,Caller_tune,2022,10,6,4
22,27,Male,Malaysia,KLANG VALLEY,Active,Active,Y,10/5/2022,Y,N,15.00,?,9.7e-05,0.000129,0.8333,0.2167,N,N,?,?,?,?,1.200000,0.200000,0,DURING & AFTER CAMP,553,2,Premium,1,Caller_tune,2022,10,5,4
49,31,Male,Malaysia,PERAK,Active,Active,Y,10/6/2022,Y,N,15.00,?,30.710802,0.0,0.6167,0.0,Y,N,15.00,?,?,?,29.300000,?,37,NO ACTIVITY SINCE SEP,554,1,Saver,2,Roaming,2022,10,6,4
16,59,Female,Malaysia,JOHORE,Active,Active,Y,10/5/2022,Y,N,15.00,?,3.893433,0.0,0.0,0.0,N,N,?,?,?,?,?,?,34,NO ACTIVITY SINCE SEP,557,2,Premium,1,Caller_tune,2022,10,5,4
237,0,Male,Malaysia,PENANG,Active,Close,Y,10/6/2022,Y,N,15.00,?,0.0,0.0,0.0,0.0,Y,N,5.00,?,?,?,?,?,16,DURING & AFTER CAMP,558,2,Premium,1,Caller_tune,2022,10,6,4
43,65,Male,Malaysia,KEDAH,Active,Active,Y,10/5/2022,Y,N,15.00,?,1e-06,0.0,0.0,0.0,N,N,?,?,?,?,?,?,37,NO ACTIVITY SINCE SEP,561,1,Saver,1,Caller_tune,2022,10,5,4
21,22,Female,Malaysia,KLANG VALLEY,Active,Active,Y,10/5/2022,Y,N,15.00,?,0.022842,0.0,0.0,0.0,N,N,?,?,?,?,?,?,33,NO ACTIVITY SINCE SEP,562,2,Premium,2,Roaming,2022,10,5,4
54,23,Female,Malaysia,PERAK,Active,Active,Y,10/6/2022,Y,N,15.00,?,0.000372,0.0,0.0,0.0,Y,N,15.00,?,?,?,?,?,35,NO ACTIVITY SINCE SEP,564,2,Premium,1,Caller_tune,2022,10,6,4
22,28,Female,Malaysia,JOHORE,Active,Active,Y,10/6/2022,Y,Y,35.00,30.00,3.886271,12.986293,255.35,80.1833,Y,N,30.00,?,?,?,35.000000,30.000000,1,DURING & AFTER CAMP,565,1,Saver,2,Roaming,2022,10,6,4
78,74,Male,Malaysia,JOHORE,Active,Active,Y,10/5/2022,Y,N,15.00,?,0.0,0.0,0.0,0.0,N,N,?,?,?,?,?,?,14,BEFORE & AFTER CAMP,567,1,Saver,1,Caller_tune,2022,10,5,4
121,67,Male,Malaysia,SARAWAK,Active,Active,Y,10/5/2022,Y,N,15.00,?,0.0,0.0,0.0,0.0,N,N,?,?,?,?,?,?,37,NO ACTIVITY SINCE SEP,568,1,Saver,2,Roaming,2022,10,5,4
19,26,Male,Malaysia,SARAWAK,Active,Active,Y,10/6/2022,Y,N,8.00,?,16.397167,0.018296,0.0,0.0,Y,N,25.00,?,8.10,?,12.600000,?,0,DURING & AFTER CAMP,569,1,Saver,1,Caller_tune,2022,10,6,4
179,67,Female,Malaysia,SARAWAK,Active,Active,Y,10/6/2022,Y,N,15.00,?,0.0,0.0,0.0,0.0,N,N,?,?,?,?,?,?,21,DURING CAMP THEN REMAIN,571,1,Saver,2,Roaming,2022,10,6,4
104,27,Male,Malaysia,JOHORE,Active,Active,Y,10/5/2022,Y,Y,15.00,35.00,0.0,21.354527,0.0,0.8833,N,Y,?,10.00,?,?,?,35.000000,1,DURING & AFTER CAMP,573,1,Saver,1,Caller_tune,2022,10,5,4
37,26,Male,Malaysia,KLANG VALLEY,Active,Active,Y,10/6/2022,Y,N,15.00,?,12.933112,9.684161,0.0,0.0,N,N,?,?,?,?,?,?,1,DURING & AFTER CAMP,574,2,Premium,1,Caller_tune,2022,10,6,4
30,41,Female,Malaysia,PERAK,Active,Active,Y,10/6/2022,Y,N,29.99,?,0.0,0.011605,0.0,0.0,Y,N,30.00,?,?,?,?,?,0,DURING & AFTER CAMP,578,1,Saver,1,Caller_tune,2022,10,6,4
15,40,Male,Malaysia,PENANG,Active,Active,Y,10/5/2022,Y,N,35.00,?,2.385965,0.0,14.5833,0.0,Y,N,55.00,?,?,?,40.210000,?,37,NO ACTIVITY SINCE SEP,579,2,Premium,1,Caller_tune,2022,10,5,4
202,64,Female,Malaysia,JOHORE,Active,Active,Y,10/6/2022,Y,N,15.00,?,0.370765,0.022284,1.65,0.95,N,N,?,?,?,?,0.520000,0.390000,13,BEFORE & AFTER CAMP,580,2,Premium,1,Caller_tune,2022,10,6,4
149,67,Male,Malaysia,PERAK,Active,Active,Y,10/5/2022,N,N,?,?,0.0,0.0,8.8333,17.3667,N,N,?,?,?,?,2.760000,6.400000,0,DURING & AFTER CAMP,581,2,Premium,1,Caller_tune,2022,10,5,4
31,46,Male,Malaysia,N SEMBILAN,Active,Active,Y,10/5/2022,Y,N,15.00,?,2.31485,2.787296,0.0,0.0,N,N,?,?,?,?,?,?,0,DURING & AFTER CAMP,583,2,Premium,2,Roaming,2022,10,5,4
111,28,Male,Malaysia,PERAK,Active,Active,Y,10/6/2022,Y,N,4.00,?,1.471025,0.0,3.3833,0.0,N,N,?,?,?,?,18.280000,2.000000,7,BEFORE & AFTER CAMP,585,1,Saver,1,Caller_tune,2022,10,6,4
77,55,Female,Malaysia,PERAK,Active,Active,Y,10/5/2022,Y,N,15.00,?,0.0,0.0,0.0,0.0,N,N,?,?,?,?,?,?,33,NO ACTIVITY SINCE SEP,587,1,Saver,1,Caller_tune,2022,10,5,4
100,53,Male,Malaysia,KEDAH,Active,Active,Y,10/6/2022,Y,N,30.00,?,0.0,0.0,0.0,0.0,Y,Y,10.00,10.00,?,?,?,?,1,DURING & AFTER CAMP,593,2,Premium,2,Roaming,2022,10,6,4
72,71,Female,Malaysia,PENANG,Active,Active,Y,10/6/2022,Y,N,15.00,?,7.7e-05,0.0,0.0,0.0,N,N,?,?,?,?,?,?,39,NO ACTIVITY SINCE SEP,594,1,Saver,2,Roaming,2022,10,6,4
125,23,Male,Malaysia,N SEMBILAN,Active,Active,Y,10/5/2022,Y,N,15.00,?,0.0,0.0,0.0,0.0,Y,N,10.00,?,?,?,?,?,14,BEFORE & AFTER CAMP,595,1,Saver,2,Roaming,2022,10,5,4
94,56,Female,Malaysia,JOHORE,Active,Active,Y,10/6/2022,Y,N,15.00,?,2.772888,0.0,7.05,0.0,Y,N,30.00,?,?,?,17.470000,8.000000,0,BEFORE & AFTER CAMP,596,1,Saver,2,Roaming,2022,10,6,4
24,67,Male,Malaysia,N SEMBILAN,Active,Active,Y,10/6/2022,Y,Y,15.00,5.00,4.877474,6.975631,0.0,0.0,Y,Y,10.00,5.00,2.00,0.50,6.000000,5.600000,0,BEFORE & AFTER CAMP,597,2,Premium,1,Caller_tune,2022,10,6,4
77,31,Female,Malaysia,N SEMBILAN,Active,Active,Y,10/5/2022,Y,N,15.00,?,0.001232,0.000816,0.0,0.0,N,N,?,?,?,?,?,?,0,DURING & AFTER CAMP,598,1,Saver,2,Roaming,2022,10,5,4
148,71,Female,Malaysia,PAHANG,Active,Active,Y,10/5/2022,Y,Y,20.00,35.00,1.118087,0.838755,1.0333,64.4,Y,Y,35.00,40.00,?,?,32.540000,35.000000,0,DURING & AFTER CAMP,600,2,Premium,2,Roaming,2022,10,5,4
520,58,Male,Malaysia,KLANG VALLEY,Active,Active,Y,10/5/2022,Y,N,15.00,?,0.0,0.0,0.3167,0.0,N,N,?,?,?,?,0.200000,?,39,NO ACTIVITY SINCE SEP,601,2,Premium,1,Caller_tune,2022,10,5,4
133,78,Female,Malaysia,JOHORE,Active,Active,Y,10/6/2022,N,N,?,?,0.0,0.0,0.0,0.0,Y,Y,40.00,20.00,?,?,?,?,5,BEFORE & AFTER CAMP,603,2,Premium,1,Caller_tune,2022,10,6,4
25,42,Female,Malaysia,SARAWAK,Active,Active,Y,10/6/2022,Y,N,27.98,?,0.611569,0.0,0.0,0.0,Y,N,10.00,?,?,?,27.980000,?,37,NO ACTIVITY SINCE SEP,604,1,Saver,2,Roaming,2022,10,6,4
162,33,Female,Malaysia,SABAH,Active,Active,Y,10/5/2022,Y,N,15.00,?,3.583227,0.743877,0.35,0.3,N,Y,?,5.00,?,?,8.130000,0.130000,0,DURING & AFTER CAMP,607,1,Saver,1,Caller_tune,2022,10,5,4
57,26,Male,Malaysia,KEDAH,Active,Active,Y,10/5/2022,Y,N,27.99,?,1.626461,0.0,0.0,0.0,N,N,?,?,?,?,27.990000,?,37,NO ACTIVITY SINCE SEP,608,2,Premium,1,Caller_tune,2022,10,5,4
175,42,Male,Malaysia,SABAH,Active,Active,Y,10/5/2022,Y,N,15.00,?,0.001238,0.001427,0.0,0.0,N,N,?,?,?,?,?,38.000000,8,DURING & AFTER CAMP,610,1,Saver,1,Caller_tune,2022,10,5,4
49,24,Female,Malaysia,JOHORE,Active,Active,Y,10/6/2022,Y,N,15.00,?,2.347097,0.0,0.0,0.0,Y,N,30.00,?,?,?,4.000000,?,23,BEFORE CAMP THEN REMAIN,611,2,Premium,1,Caller_tune,2022,10,6,4
27,32,Male,Malaysia,KLANG VALLEY,Active,Active,Y,10/6/2022,Y,N,4.00,?,11.776008,0.0,23.3,0.0,Y,N,50.00,?,?,?,22.600000,?,38,NO ACTIVITY SINCE SEP,612,1,Saver,2,Roaming,2022,10,6,4
34,26,Female,Malaysia,JOHORE,Active,Active,Y,10/6/2022,Y,N,15.00,?,0.0,0.005697,0.0,0.0,N,N,?,?,?,?,?,?,1,DURING & AFTER CAMP,613,1,Saver,2,Roaming,2022,10,6,4
520,24,Male,Malaysia,KLANG VALLEY,Active,Active,Y,10/5/2022,Y,N,15.00,?,0.055874,0.068632,0.0,0.0,N,N,?,?,?,?,?,?,10,DURING & AFTER CAMP,615,1,Saver,1,Caller_tune,2022,10,5,4
20,38,Male,Malaysia,SABAH,Active,Active,Y,10/6/2022,Y,N,15.00,?,6.751309,3.658831,0.0,0.4834,Y,N,5.00,?,?,?,?,1.200000,0,DURING & AFTER CAMP,617,1,Saver,2,Roaming,2022,10,6,4
520,52,Female,Malaysia,KELANTAN,Active,Active,Y,10/5/2022,Y,Y,15.00,1.50,8.218014,0.676037,0.0,0.0,Y,Y,5.00,5.00,?,?,4.500000,2.300000,0,BEFORE & AFTER CAMP,623,1,Saver,2,Roaming,2022,10,5,4
41,23,Male,Malaysia,KELANTAN,Active,Active,Y,10/5/2022,Y,N,15.00,?,0.0,0.0,0.0,0.0,N,N,?,?,?,?,?,5.000000,2,BEFORE & AFTER CAMP,625,1,Saver,2,Roaming,2022,10,5,4
20,27,Male,Malaysia,JOHORE,Active,Active,Y,10/5/2022,Y,N,15.00,?,0.014274,0.116702,0.0,0.0,Y,Y,5.00,5.00,7.80,?,?,?,2,DURING & AFTER CAMP,628,2,Premium,1,Caller_tune,2022,10,5,4
20,58,Male,Malaysia,KLANG VALLEY,Active,Active,Y,10/5/2022,Y,N,15.00,?,1.101372,0.0,0.0,0.0,N,N,?,?,?,?,?,?,34,NO ACTIVITY SINCE SEP,629,1,Saver,1,Caller_tune,2022,10,5,4
21,27,Female,Malaysia,KEDAH,Active,Active,Y,10/5/2022,Y,N,14.98,?,11.506398,0.0,22.6333,0.0,N,N,?,?,?,?,22.780000,?,37,NO ACTIVITY SINCE SEP,630,1,Saver,2,Roaming,2022,10,5,4
80,31,Female,Malaysia,PERLIS,Active,Active,Y,10/6/2022,Y,N,15.00,?,0.008266,0.0,0.0,0.0,N,N,?,?,?,?,1.000000,?,33,NO ACTIVITY SINCE SEP,631,1,Saver,1,Caller_tune,2022,10,6,4
19,22,Female,Malaysia,KLANG VALLEY,Active,Active,Y,10/6/2022,Y,N,15.00,?,0.033162,0.0,0.0,0.0,N,N,?,?,?,?,0.200000,?,33,NO ACTIVITY SINCE SEP,632,2,Premium,2,Roaming,2022,10,6,4
44,35,Male,Malaysia,SABAH,Active,Active,Y,10/6/2022,Y,N,15.00,?,0.0,0.0,0.0,0.85,N,N,?,?,?,?,?,0.300000,15,BEFORE & AFTER CAMP,633,1,Saver,1,Caller_tune,2022,10,6,4
138,35,Female,Malaysia,PENANG,Active,Active,Y,10/6/2022,Y,N,15.00,?,0.0,1.8e-05,0.0,0.0,N,N,?,?,?,?,?,?,1,DURING & AFTER CAMP,634,2,Premium,1,Caller_tune,2022,10,6,4
19,38,Male,Malaysia,SABAH,Active,Active,Y,10/5/2022,Y,Y,15.00,3.00,0.282738,9.475087,0.0,0.0,N,Y,?,15.00,?,2.10,?,14.900000,0,DURING & AFTER CAMP,635,2,Premium,1,Caller_tune,2022,10,5,4
41,24,Male,Malaysia,JOHORE,Active,Active,Y,10/5/2022,Y,N,15.00,?,0.108968,0.0,0.0,0.0,N,N,?,?,?,?,?,?,38,NO ACTIVITY SINCE SEP,636,2,Premium,1,Caller_tune,2022,10,5,4
91,31,Male,Malaysia,SARAWAK,Active,Active,Y,10/6/2022,Y,Y,15.00,10.00,2.51657,1.106333,1.15,0.0,Y,Y,10.00,10.00,?,?,10.450000,10.000000,8,BEFORE & AFTER CAMP,638,1,Saver,1,Caller_tune,2022,10,6,4
26,27,Male,Malaysia,MALACCA,Active,Active,Y,10/5/2022,Y,N,15.00,?,0.0,0.0,1.3167,0.0,N,N,?,?,?,?,0.600000,?,34,NO ACTIVITY SINCE SEP,639,2,Premium,2,Roaming,2022,10,5,4
46,72,Female,Malaysia,KLANG VALLEY,Active,Active,Y,10/6/2022,Y,N,15.00,?,0.0,0.0,0.0,0.0,N,N,?,?,?,?,?,?,35,NO ACTIVITY SINCE SEP,640,2,Premium,1,Caller_tune,2022,10,6,4
21,67,Male,Malaysia,KLANG VALLEY,Active,Active,Y,10/6/2022,Y,N,15.00,?,0.0,0.0,0.0,0.0,Y,N,30.00,?,?,?,?,?,1,DURING & AFTER CAMP,641,2,Premium,2,Roaming,2022,10,6,4
213,40,Female,Malaysia,JOHORE,Active,Active,Y,10/5/2022,Y,N,15.00,?,0.09691,0.070135,1.5667,0.0,Y,N,5.00,?,?,?,4.960000,?,6,BEFORE & AFTER CAMP,642,1,Saver,1,Caller_tune,2022,10,5,4
22,35,Male,Malaysia,TERENGGANU,Active,Active,Y,10/5/2022,Y,N,34.99,?,0.001982,0.000124,0.0,0.0,Y,N,10.00,?,?,?,34.990000,?,0,BEFORE & AFTER CAMP,643,1,Saver,1,Caller_tune,2022,10,5,4
20,22,Female,Malaysia,PAHANG,Active,Active,Y,10/5/2022,Y,N,15.00,?,0.033632,0.048609,0.0,0.0,N,N,?,?,?,?,?,?,7,BEFORE & AFTER CAMP,648,2,Premium,1,Caller_tune,2022,10,5,4
159,33,Female,Malaysia,KLANG VALLEY,Active,Active,Y,11/6/2022,N,N,?,?,0.0,0.0,0.0,0.0,N,N,?,?,?,?,?,?,1,DURING & AFTER CAMP,651,2,Premium,2,Roaming,2022,11,6,4
28,29,Female,Malaysia,JOHORE,Active,Active,Y,10/6/2022,Y,N,15.00,?,5.687999,0.0,59.4167,0.0,Y,N,30.00,?,?,?,28.000000,?,11,BEFORE & AFTER CAMP,652,1,Saver,2,Roaming,2022,10,6,4
36,25,Unspecified,Malaysia,SABAH,Active,Active,Y,10/6/2022,Y,N,15.00,?,2.053578,0.0,0.0,0.0,N,N,?,?,?,?,?,?,20,DURING CAMP THEN REMAIN,653,1,Saver,1,Caller_tune,2022,10,6,4
520,54,Female,Malaysia,SARAWAK,Active,Active,Y,10/6/2022,Y,N,15.00,?,0.0,0.0,0.0,0.0,N,N,?,?,?,?,?,?,3,BEFORE & AFTER CAMP,655,2,Premium,2,Roaming,2022,10,6,4
45,22,Male,Malaysia,SARAWAK,Active,Active,Y,10/6/2022,Y,N,15.00,?,8.677315,0.0,0.0333,0.0,N,N,?,?,?,?,0.200000,?,34,NO ACTIVITY SINCE SEP,657,1,Saver,2,Roaming,2022,10,6,4
28,36,Male,Malaysia,SABAH,Active,Active,Y,10/5/2022,Y,N,15.00,?,1e-06,0.0,11.1,0.0,Y,N,10.00,?,?,?,5.010000,?,33,NO ACTIVITY SINCE SEP,659,2,Premium,2,Roaming,2022,10,5,4
55,70,Male,Malaysia,SABAH,Active,Active,Y,10/8/2022,N,N,?,?,0.007137,0.277893,0.0,0.0,Y,N,30.00,?,2.00,?,2.000000,1.000000,12,DURING & AFTER CAMP,661,1,Saver,2,Roaming,2022,10,8,4
22,0,Male,Malaysia,KEDAH,Active,Active,Y,10/5/2022,Y,N,15.00,?,0.0,0.0,0.0,0.0,Y,N,20.00,?,?,?,?,?,38,NO ACTIVITY SINCE SEP,664,2,Premium,1,Caller_tune,2022,10,5,4
25,27,Male,Malaysia,SABAH,Active,Active,Y,10/5/2022,Y,N,15.00,?,9.077703,0.0,0.0,0.0,N,N,?,?,?,?,?,?,38,NO ACTIVITY SINCE SEP,665,2,Premium,1,Caller_tune,2022,10,5,4
41,43,Male,Malaysia,SABAH,Active,Active,Y,10/6/2022,Y,N,15.00,?,5.339219,1.558451,0.0,9.65,Y,Y,5.00,15.00,?,?,7.000000,4.400000,1,DURING & AFTER CAMP,666,1,Saver,1,Caller_tune,2022,10,6,4
99,47,Female,Malaysia,JOHORE,Active,Active,Y,10/6/2022,Y,N,15.00,?,0.0,0.0,0.0,0.0,N,N,?,?,?,?,?,?,35,NO ACTIVITY SINCE SEP,667,1,Saver,1,Caller_tune,2022,10,6,4
46,36,Female,Malaysia,KLANG VALLEY,Active,Active,Y,10/5/2022,Y,Y,14.99,27.99,1.082714,0.561187,3.7667,8.8333,Y,Y,65.00,50.00,?,?,68.620000,27.990000,0,BEFORE & AFTER CAMP,670,1,Saver,2,Roaming,2022,10,5,4
79,26,Male,Malaysia,KEDAH,Active,Active,Y,10/5/2022,Y,N,15.00,?,4.620531,0.590268,0.0,0.0,Y,N,5.00,?,?,?,2.200000,?,7,BEFORE & AFTER CAMP,671,2,Premium,2,Roaming,2022,10,5,4
76,32,Male,Malaysia,PENANG,Active,Active,Y,10/5/2022,Y,N,15.00,?,2.88919,0.0,0.0,0.0,N,N,?,?,?,?,2.000000,?,22,DURING CAMP THEN REMAIN,673,2,Premium,2,Roaming,2022,10,5,4
21,30,Male,Malaysia,PENANG,Active,Active,Y,10/6/2022,Y,N,15.00,?,0.0,0.0,0.0,0.0,N,N,?,?,?,?,?,?,19,DURING CAMP THEN REMAIN,674,2,Premium,1,Caller_tune,2022,10,6,4
181,70,Male,Malaysia,KLANG VALLEY,Active,Active,Y,10/6/2022,Y,N,27.99,?,0.000209,0.0,0.0,0.0,N,N,?,?,?,?,6.000000,4.000000,15,BEFORE & AFTER CAMP,676,2,Premium,1,Caller_tune,2022,10,6,4
36,45,Male,Malaysia,KLANG VALLEY,Active,Active,Y,10/6/2022,Y,Y,15.00,1.00,8.087258,0.0,0.0,0.0,Y,Y,20.00,10.00,?,?,12.800000,7.000000,37,NO ACTIVITY SINCE SEP,679,1,Saver,2,Roaming,2022,10,6,4
167,26,Male,Malaysia,KLANG VALLEY,Active,Active,Y,10/5/2022,Y,N,27.99,?,0.0,9.765672,0.0,37.9666,Y,N,30.00,?,?,?,?,?,0,DURING & AFTER CAMP,682,1,Saver,1,Caller_tune,2022,10,5,4
39,35,Male,Malaysia,KLANG VALLEY,Active,Active,Y,10/6/2022,Y,N,34.99,?,20.795508,0.0,0.0,0.0,Y,N,35.00,?,0.15,?,36.290000,?,5,BEFORE & AFTER CAMP,684,1,Saver,1,Caller_tune,2022,10,6,4
36,31,Male,Malaysia,KLANG VALLEY,Active,Active,Y,10/6/2022,Y,N,15.00,?,0.414869,2.2e-05,0.0,0.0,N,N,?,?,?,?,?,?,13,BEFORE & AFTER CAMP,687,2,Premium,1,Caller_tune,2022,10,6,4
52,30,Female,Malaysia,JOHORE,Active,Active,Y,10/6/2022,Y,N,15.00,?,0.0,0.0,0.0,0.0,N,N,?,?,?,?,2.000000,?,19,DURING CAMP THEN REMAIN,689,1,Saver,1,Caller_tune,2022,10,6,4
30,43,Male,Malaysia,JOHORE,Active,Active,Y,10/5/2022,Y,N,15.00,?,5.255989,0.0,5.2167,0.0,Y,N,20.00,?,2.00,?,9.410000,?,34,NO ACTIVITY SINCE SEP,690,2,Premium,2,Roaming,2022,10,5,4
58,27,Male,Malaysia,KELANTAN,Active,Active,Y,10/6/2022,Y,N,15.00,?,15.060489,0.0,0.0,0.0,Y,N,15.00,?,?,?,14.990000,?,34,NO ACTIVITY SINCE SEP,692,2,Premium,2,Roaming,2022,10,6,4
93,27,Male,Malaysia,JOHORE,Active,Active,Y,10/6/2022,Y,N,15.00,?,0.0,0.0,0.0,0.0,N,N,?,?,?,?,?,?,24,BEFORE CAMP THEN REMAIN,693,2,Premium,2,Roaming,2022,10,6,4
52,24,Female,Malaysia,KEDAH,Active,Active,Y,10/6/2022,Y,N,14.99,?,36.000918,0.087565,1.0833,0.0,Y,N,30.00,?,?,?,30.280000,?,2,DURING & AFTER CAMP,696,2,Premium,2,Roaming,2022,10,6,4
35,24,Male,Malaysia,KELANTAN,Active,Active,Y,10/6/2022,Y,N,15.00,?,0.0,0.0,0.0,0.0,N,N,?,?,?,?,?,?,5,BEFORE & AFTER CAMP,700,2,Premium,2,Roaming,2022,10,6,4
25,28,Female,Malaysia,SARAWAK,Active,Active,Y,10/5/2022,Y,N,15.00,?,0.786053,2.510057,0.0,0.0,Y,N,5.00,?,?,?,2.000000,?,9,DURING & AFTER CAMP,701,2,Premium,2,Roaming,2022,10,5,4
53,31,Male,Malaysia,SABAH,Active,Active,Y,10/6/2022,Y,N,15.00,?,0.013555,0.006002,0.0,0.0,N,N,?,?,?,?,?,?,11,BEFORE & AFTER CAMP,703,2,Premium,2,Roaming,2022,10,6,4
66,27,Male,Malaysia,PENANG,Active,Active,Y,10/6/2022,Y,Y,15.00,3.00,1.764665,0.75697,0.0,0.0,N,Y,?,10.00,?,?,?,3.800000,0,BEFORE & AFTER CAMP,704,2,Premium,1,Caller_tune,2022,10,6,4
23,53,Female,Malaysia,SABAH,Active,Active,Y,10/6/2022,Y,N,15.00,?,0.0,0.0,0.0,0.0,N,N,?,?,2.00,2.00,2.000000,2.000000,4,BEFORE & AFTER CAMP,705,2,Premium,1,Caller_tune,2022,10,6,4
64,22,Female,Malaysia,SARAWAK,Active,Active,Y,10/6/2022,Y,N,15.00,?,0.00962,0.0,0.0,0.0,N,N,?,?,0.15,?,?,?,39,NO ACTIVITY SINCE SEP,706,2,Premium,2,Roaming,2022,10,6,4
30,62,Male,Malaysia,PENANG,Active,Active,Y,10/5/2022,Y,N,15.00,?,0.0,0.0,0.0,0.0,N,N,?,?,?,?,?,?,1,BEFORE & AFTER CAMP,707,2,Premium,2,Roaming,2022,10,5,4
47,23,Female,Malaysia,SABAH,Active,Active,Y,10/6/2022,Y,N,15.00,?,7.903714,0.005273,0.0,0.0,N,N,?,?,?,?,?,?,0,DURING & AFTER CAMP,708,1,Saver,2,Roaming,2022,10,6,4
45,23,Male,Malaysia,KELANTAN,Active,Active,Y,10/6/2022,Y,N,15.00,?,0.0,0.0,0.0,0.0,N,N,?,?,0.50,?,0.500000,?,3,BEFORE & AFTER CAMP,711,2,Premium,1,Caller_tune,2022,10,6,4
91,27,Female,Malaysia,N SEMBILAN,Active,Active,Y,10/6/2022,Y,N,15.00,?,0.0,0.0,0.0,17.35,Y,Y,5.00,5.00,?,?,?,5.550000,17,BEFORE & AFTER CAMP,713,1,Saver,1,Caller_tune,2022,10,6,4
90,29,Female,Malaysia,SABAH,Active,Active,Y,10/6/2022,Y,N,15.00,?,0.002528,0.0,0.0333,0.0,N,Y,?,5.00,?,?,0.300000,?,35,NO ACTIVITY SINCE SEP,714,1,Saver,2,Roaming,2022,10,6,4
51,71,Female,Malaysia,SARAWAK,Active,Active,Y,10/5/2022,Y,N,15.00,?,0.0,0.0,0.0,0.0,N,N,?,?,?,?,?,?,1,DURING & AFTER CAMP,715,1,Saver,2,Roaming,2022,10,5,4
26,25,Male,Malaysia,SARAWAK,Active,Active,Y,10/6/2022,Y,Y,15.00,4.00,4.141616,34.718187,0.0,0.0,Y,Y,10.00,30.00,3.00,3.00,?,29.400000,0,DURING & AFTER CAMP,716,2,Premium,2,Roaming,2022,10,6,4
30,30,Male,Malaysia,KLANG VALLEY,Active,Active,Y,10/6/2022,Y,N,29.99,?,5.2e-05,0.0,0.0,0.0,Y,Y,30.00,10.00,?,?,29.990000,?,2,BEFORE & AFTER CAMP,719,1,Saver,1,Caller_tune,2022,10,6,4
107,72,Male,Malaysia,JOHORE,Active,Active,Y,10/6/2022,Y,N,15.00,?,0.0,0.0,0.0,0.0,N,N,?,?,?,?,?,?,38,NO ACTIVITY SINCE SEP,720,2,Premium,1,Caller_tune,2022,10,6,4
41,72,Female,Malaysia,PENANG,Active,Active,Y,10/6/2022,N,N,?,?,0.0,0.0,0.2,0.7,N,N,?,?,?,?,0.600000,0.300000,17,BEFORE & AFTER CAMP,721,1,Saver,1,Caller_tune,2022,10,6,4
65,35,Male,Malaysia,KLANG VALLEY,Active,Active,Y,10/6/2022,Y,Y,35.00,35.00,18.849208,9.667026,75.3167,51.3333,Y,Y,40.00,40.00,?,?,39.310000,35.000000,0,BEFORE & AFTER CAMP,722,1,Saver,2,Roaming,2022,10,6,4
149,29,Female,Malaysia,KLANG VALLEY,Active,Active,Y,10/5/2022,Y,N,15.00,?,0.0,0.0,0.0,0.0,N,N,?,?,?,?,?,?,33,NO ACTIVITY SINCE SEP,723,1,Saver,1,Caller_tune,2022,10,5,4
126,39,Male,Malaysia,SARAWAK,Active,Active,Y,10/6/2022,Y,Y,15.00,10.00,0.000693,0.0,0.0,0.0,Y,Y,10.00,10.00,?,?,?,10.000000,34,NO ACTIVITY SINCE SEP,724,1,Saver,1,Caller_tune,2022,10,6,4
62,23,Male,Malaysia,TERENGGANU,Active,Active,Y,10/5/2022,Y,N,15.00,?,5.352334,0.035016,6.3333,0.9833,Y,N,5.00,?,?,?,1.450000,0.200000,0,DURING & AFTER CAMP,725,2,Premium,2,Roaming,2022,10,5,4
29,61,Male,Malaysia,SARAWAK,Active,Active,Y,10/6/2022,Y,N,15.00,?,15.24856,0.0,6.9333,0.0,Y,N,10.00,?,?,?,3.240000,?,36,NO ACTIVITY SINCE SEP,726,2,Premium,1,Caller_tune,2022,10,6,4
